// 自动生成, 请勿手改 —— 由 _mkfont.py 从系统宋体点阵生成
// M5GFX 自带 efont 简体字库缺的 163 个码点(姤 之类生僻字)在此补齐,
// 由 main.cpp 的 drawText() 在缺字时逐字切换到对应字号的补字字体绘制。
#pragma once
#include <stdint.h>

// 非 BMP 字符 -> 借用的私用区码点(16 位码点装不下 4 字节 UTF-8 的码点, 只能借位)
#define SUP_NONBMP_COUNT 2
static const uint32_t SUP_NONBMP[SUP_NONBMP_COUNT][2] = {
  { 0x21017, 0xE000 },
  { 0x21FE8, 0xE001 },
};

// ---- 14px (对应 efontCN_14) ----
#define SUP_COUNT_14 163
#define SUP_BYTES_14 14731
// 覆盖的码点(升序, 供二分查找)
static const uint16_t SUP_CPS_14[SUP_COUNT_14] = {
  0x2014,0x4E90,0x5198,0x5232,0x52DE,0x531C,0x532F,0x5331,0x537C,0x53DA,0x54A5,0x54B7,
  0x5557,0x55C3,0x55DB,0x57F6,0x5803,0x585A,0x587F,0x592C,0x59E4,0x5A35,0x5BD8,0x5BE6,
  0x5BFD,0x5C44,0x5C7C,0x5CA1,0x5E79,0x5EDF,0x5EEC,0x5F0D,0x5FA9,0x60C7,0x612C,0x61FC,
  0x63DC,0x63F7,0x640D,0x6513,0x65F8,0x65FB,0x6649,0x66CC,0x6759,0x67B2,0x67C5,0x68C4,
  0x696C,0x6A5F,0x6A87,0x6AF8,0x6C59,0x6D0A,0x6D1F,0x6D5F,0x6F21,0x6FEC,0x707D,0x70DC,
  0x70DD,0x72B5,0x7335,0x73EA,0x7503,0x7550,0x756C,0x761D,0x7680,0x769E,0x771E,0x778B,
  0x77FB,0x7841,0x793F,0x7947,0x7950,0x798B,0x7998,0x79B4,0x7A0A,0x7A9E,0x7D6A,0x7E32,
  0x7E58,0x7E7B,0x7E86,0x7E8D,0x7F0A,0x7F52,0x7F91,0x7FDA,0x80F7,0x8122,0x8124,0x8128,
  0x8189,0x81B4,0x81D8,0x81DE,0x81E8,0x81F2,0x8278,0x8283,0x82A3,0x82E2,0x8300,0x833B,
  0x83D1,0x844B,0x8490,0x84CF,0x8500,0x85DF,0x8669,0x884E,0x885B,0x88BD,0x89C0,0x8B90,
  0x8C5C,0x8C6E,0x8C75,0x8CD5,0x8CEB,0x8E50,0x8E5A,0x8E62,0x8E8A,0x8ED1,0x8F05,0x8F2E,
  0x8F39,0x8FB5,0x9023,0x9085,0x919C,0x95A4,0x9670,0x96CB,0x96E2,0x978F,0x97B6,0x9804,
  0x9899,0x98CF,0x9917,0x993D,0x994B,0x9A56,0x9A6A,0x9A8D,0x9A8E,0x9B04,0x9B1A,0x9B5A,
  0x9D6B,0x9F2B,0x9F4E,0x9F67,0x9F9C,0xE000,0xE001,
};
static const uint8_t supFontData14[SUP_BYTES_14] = {
  0xA3,0x00,0x08,0x08,0x04,0x04,0x05,0x05,0x05,0x0D,0x0E,0x00,0xFE,0x09,0xFE,0x0A,0xFF,0x00,0x02,0x00,
  0x02,0x00,0x08,0x00,0x00,0x00,0x00,0x00,0x00,0x00,0x00,0x02,0x90,0x20,0x14,0x00,0x0A,0x4E,0x90,0x00,
  0x28,0x51,0x98,0x00,0x42,0x52,0x32,0x00,0x4A,0x52,0xDE,0x00,0x53,0x53,0x1C,0x00,0x4E,0x53,0x2F,0x00,
  0x4A,0x53,0x31,0x00,0x51,0x53,0x7C,0x00,0x6A,0x53,0xDA,0x00,0x4A,0x54,0xA5,0x00,0x4C,0x54,0xB7,0x00,
  0x73,0x55,0x57,0x00,0x51,0x55,0xC3,0x00,0x53,0x55,0xDB,0x00,0x66,0x57,0xF6,0x00,0x5B,0x58,0x03,0x00,
  0x4A,0x58,0x5A,0x00,0x5F,0x58,0x7F,0x00,0x51,0x59,0x2C,0x00,0x37,0x59,0xE4,0x00,0x66,0x5A,0x35,0x00,
  0x88,0x5B,0xD8,0x00,0x3B,0x5B,0xE6,0x00,0x3D,0x5B,0xFD,0x00,0x3B,0x5C,0x44,0x00,0x48,0x5C,0x7C,0x00,
  0x7D,0x5C,0xA1,0x00,0x46,0x5E,0x79,0x00,0x4E,0x5E,0xDF,0x00,0x68,0x5E,0xEC,0x00,0x66,0x5F,0x0D,0x00,
  0x33,0x5F,0xA9,0x00,0x57,0x60,0xC7,0x00,0x4C,0x61,0x2C,0x00,0x5D,0x61,0xFC,0x00,0x6E,0x63,0xDC,0x00,
  0x53,0x63,0xF7,0x00,0x5B,0x64,0x0D,0x00,0x4A,0x65,0x13,0x00,0x59,0x65,0xF8,0x00,0x5B,0x65,0xFB,0x00,
  0x31,0x66,0x49,0x00,0x37,0x66,0xCC,0x00,0x48,0x67,0x59,0x00,0x5D,0x67,0xB2,0x00,0x3B,0x67,0xC5,0x00,
  0x66,0x68,0xC4,0x00,0x40,0x69,0x6C,0x00,0x59,0x6A,0x5F,0x00,0x81,0x6A,0x87,0x00,0x5D,0x6A,0xF8,0x00,
  0x6A,0x6C,0x59,0x00,0x3D,0x6D,0x0A,0x00,0x4E,0x6D,0x1F,0x00,0x4C,0x6D,0x5F,0x00,0x7B,0x6F,0x21,0x00,
  0x4A,0x6F,0xEC,0x00,0x51,0x70,0x7D,0x00,0x4A,0x70,0xDC,0x00,0x51,0x70,0xDD,0x00,0x4A,0x72,0xB5,0x00,
  0x51,0x73,0x35,0x00,0x6C,0x73,0xEA,0x00,0x37,0x75,0x03,0x00,0x59,0x75,0x50,0x00,0x31,0x75,0x6C,0x00,
  0x44,0x76,0x1D,0x00,0x64,0x76,0x80,0x00,0x2C,0x76,0x9E,0x00,0x5B,0x77,0x1E,0x00,0x44,0x77,0x8B,0x00,
  0x57,0x77,0xFB,0x00,0x4A,0x78,0x41,0x00,0x46,0x79,0x3F,0x00,0x4E,0x79,0x47,0x00,0x5B,0x79,0x50,0x00,
  0x55,0x79,0x8B,0x00,0x55,0x79,0x98,0x00,0x59,0x79,0xB4,0x00,0x5F,0x7A,0x0A,0x00,0x62,0x7A,0x9E,0x00,
  0x3D,0x7D,0x6A,0x00,0x66,0x7E,0x32,0x00,0x5F,0x7E,0x58,0x00,0x6A,0x7E,0x7B,0x00,0x62,0x7E,0x86,0x00,
  0x5D,0x7E,0x8D,0x00,0x4C,0x7F,0x0A,0x00,0x5F,0x7F,0x52,0x00,0x17,0x7F,0x91,0x00,0x35,0x7F,0xDA,0x00,
  0x3D,0x80,0xF7,0x00,0x48,0x81,0x22,0x00,0x68,0x81,0x24,0x00,0x70,0x81,0x28,0x00,0x6A,0x81,0x89,0x00,
  0x73,0x81,0xB4,0x00,0x84,0x81,0xD8,0x00,0x8C,0x81,0xDE,0x00,0x77,0x81,0xE8,0x00,0x62,0x81,0xF2,0x00,
  0x6C,0x82,0x78,0x00,0x75,0x82,0x83,0x00,0x44,0x82,0xA3,0x00,0x3B,0x82,0xE2,0x00,0x35,0x83,0x00,0x00,
  0x48,0x83,0x3B,0x00,0x75,0x83,0xD1,0x00,0x4C,0x84,0x4B,0x00,0x5F,0x84,0x90,0x00,0x40,0x84,0xCF,0x00,
  0x86,0x85,0x00,0x00,0x55,0x85,0xDF,0x00,0x44,0x86,0x69,0x00,0x6A,0x88,0x4E,0x00,0x53,0x88,0x5B,0x00,
  0x59,0x88,0xBD,0x00,0x7F,0x89,0xC0,0x00,0x6A,0x8B,0x90,0x00,0x48,0x8C,0x5C,0x00,0x68,0x8C,0x6E,0x00,
  0x5D,0x8C,0x75,0x00,0x7B,0x8C,0xD5,0x00,0x6A,0x8C,0xEB,0x00,0x3D,0x8E,0x50,0x00,0x70,0x8E,0x5A,0x00,
  0x5F,0x8E,0x62,0x00,0x6E,0x8E,0x8A,0x00,0x4E,0x8E,0xD1,0x00,0x59,0x8F,0x05,0x00,0x5B,0x8F,0x2E,0x00,
  0x5B,0x8F,0x39,0x00,0x59,0x8F,0xB5,0x00,0x39,0x90,0x23,0x00,0x4A,0x90,0x85,0x00,0x4E,0x91,0x9C,0x00,
  0x6E,0x95,0xA4,0x00,0x48,0x96,0x70,0x00,0x5B,0x96,0xCB,0x00,0x42,0x96,0xE2,0x00,0x70,0x97,0x8F,0x00,
  0x46,0x97,0xB6,0x00,0x53,0x98,0x04,0x00,0x57,0x98,0x99,0x00,0x66,0x98,0xCF,0x00,0x6C,0x99,0x17,0x00,
  0x66,0x99,0x3D,0x00,0x70,0x99,0x4B,0x00,0x64,0x9A,0x56,0x00,0x70,0x9A,0x6A,0x00,0x79,0x9A,0x8D,0x00,
  0x53,0x9A,0x8E,0x00,0x57,0x9B,0x04,0x00,0x44,0x9B,0x1A,0x00,0x53,0x9B,0x5A,0x00,0x48,0x9D,0x6B,0x00,
  0x53,0x9F,0x2B,0x00,0x6C,0x9F,0x4E,0x00,0x66,0x9F,0x67,0x00,0x59,0x9F,0x9C,0x00,0x5B,0xE0,0x00,0x00,
  0x5D,0xE0,0x01,0x00,0x22,0xFF,0xFF,0x20,0x14,0x08,0x1B,0xB2,0x7A,0x80,0x05,0x00,0x00,0x4E,0x90,0x26,
  0xED,0xD1,0x79,0x81,0x04,0x07,0x01,0x18,0x02,0x30,0x04,0x38,0x68,0x40,0x10,0x60,0x21,0xC0,0x42,0x00,
  0x86,0x04,0x0C,0x01,0x18,0x02,0x30,0x04,0x60,0x08,0x90,0x30,0x60,0x00,0x00,0x00,0x00,0x51,0x98,0x40,
  0xED,0xD1,0x79,0x83,0x00,0x0C,0x01,0x18,0x02,0x1C,0x2C,0x10,0x08,0x40,0x10,0x80,0x20,0x80,0x40,0x80,
  0x81,0x00,0x05,0x01,0x0C,0x02,0x04,0x04,0x50,0x08,0x10,0x10,0x20,0x21,0x80,0x40,0x80,0x84,0x00,0x02,
  0x01,0x10,0x02,0x0C,0x04,0x38,0x08,0x40,0x10,0x80,0x20,0x40,0x40,0x80,0x82,0x00,0x04,0x02,0x0E,0x0A,
  0x00,0x00,0x00,0x52,0x32,0x48,0xEC,0xD1,0xF9,0x81,0x00,0x07,0x01,0x06,0x02,0x1C,0x04,0x08,0x28,0x50,
  0x10,0x60,0x20,0x00,0x41,0x00,0x81,0x00,0x03,0x01,0x08,0x02,0x08,0x20,0x08,0x08,0x20,0x10,0x00,0x21,
  0x80,0x40,0x80,0x81,0x00,0x04,0x01,0x04,0x02,0x04,0x14,0x10,0x08,0x20,0x10,0x60,0x20,0x00,0x41,0x00,
  0x81,0x00,0x03,0x01,0x0E,0x02,0x0C,0x0C,0x28,0x20,0x80,0x10,0x20,0x61,0x00,0x00,0x00,0x52,0xDE,0x51,
  0xED,0xD1,0xF9,0x81,0x00,0x05,0x01,0x08,0x02,0x04,0x04,0x08,0x08,0x10,0x10,0x20,0x20,0x80,0x80,0x00,
  0x01,0x01,0x01,0x01,0x04,0x02,0x04,0x04,0x18,0x08,0x10,0x10,0x60,0x20,0x40,0x40,0x80,0x81,0x00,0x03,
  0x01,0x02,0x02,0x0C,0x04,0x08,0x70,0xB0,0x10,0xA0,0x20,0x00,0x82,0x82,0x83,0x00,0x04,0x01,0x0C,0x02,
  0x14,0x04,0x28,0x08,0x60,0x10,0x80,0x20,0xC0,0x41,0x80,0x81,0x00,0x06,0x02,0x06,0x00,0x00,0x00,0x00,
  0x53,0x1C,0x4C,0xEC,0xD2,0x79,0x80,0x06,0x0B,0x01,0x08,0x02,0x18,0x04,0x20,0x08,0x30,0x10,0x40,0x20,
  0x40,0x40,0x00,0x81,0x00,0x01,0x03,0x04,0x02,0x04,0x04,0x08,0x18,0x20,0x10,0x40,0x80,0x40,0x40,0x80,
  0x81,0x00,0x02,0x01,0x02,0x02,0x08,0x04,0x18,0x08,0x20,0x10,0x20,0x20,0x80,0x40,0x00,0x01,0x01,0x02,
  0x01,0x02,0x02,0x08,0x04,0x28,0x10,0x10,0x10,0x00,0x41,0x80,0x80,0x82,0x05,0x06,0x00,0x00,0x53,0x2F,
  0x48,0xEC,0xD2,0x79,0x80,0x06,0x0B,0x01,0x02,0x02,0x0C,0x04,0x08,0x08,0x30,0x10,0x40,0x20,0x80,0x40,
  0x00,0x81,0x00,0x02,0x01,0x08,0x12,0x0C,0x04,0x10,0x08,0x30,0x10,0x20,0x20,0x40,0xC0,0x81,0x80,0x00,
  0x04,0x01,0x04,0x02,0x0C,0x04,0x20,0x30,0x10,0x10,0x40,0x20,0x40,0x40,0x00,0x81,0x00,0x03,0x01,0x02,
  0x02,0x08,0x24,0x18,0x08,0x60,0x10,0x60,0x81,0x01,0x00,0x00,0x53,0x31,0x4F,0xEC,0xD2,0x79,0x80,0x06,
  0x05,0x01,0x0A,0x02,0x08,0x1C,0x10,0x08,0x20,0x10,0x40,0x20,0x80,0x40,0x00,0x81,0x00,0x02,0x07,0x04,
  0x02,0x14,0x04,0x28,0x58,0x10,0x10,0x40,0x40,0x80,0x40,0x80,0x80,0x00,0x02,0x01,0x04,0x02,0x04,0x04,
  0x10,0x10,0x20,0x10,0x40,0x20,0x80,0x40,0x00,0x81,0x00,0x02,0x01,0x04,0x0E,0x08,0x04,0x18,0x08,0x30,
  0x10,0x60,0x20,0x80,0x40,0x80,0x82,0x00,0x02,0x0C,0x00,0x00,0x00,0x53,0x7C,0x68,0xED,0xD1,0xF9,0x83,
  0x00,0x0C,0x04,0x04,0x0A,0x04,0x04,0x18,0x08,0x30,0x10,0x20,0x20,0x40,0x00,0x82,0x80,0x00,0x01,0x01,
  0x04,0x02,0x1C,0x04,0x08,0x08,0x20,0x10,0x20,0x80,0x80,0x40,0x80,0x80,0x00,0x02,0x01,0x02,0x02,0x08,
  0x04,0x10,0x08,0x10,0x10,0x40,0x20,0x40,0x40,0x80,0x00,0x01,0x02,0x01,0x02,0x02,0x08,0x04,0x08,0x08,
  0x30,0x10,0x20,0x20,0x40,0x40,0x00,0x81,0x00,0x01,0x01,0x06,0x02,0x04,0x04,0x08,0x08,0x20,0x10,0x40,
  0x80,0x40,0x40,0x80,0x80,0x00,0x01,0x01,0x10,0x02,0x04,0x04,0x40,0x10,0x30,0x90,0x00,0x00,0x00,0x53,
  0xDA,0x48,0xDC,0xD2,0x79,0x80,0x02,0x01,0x05,0x02,0x02,0x0C,0x04,0x28,0x08,0x10,0x10,0x60,0x20,0x40,
  0x41,0x80,0x80,0x02,0x01,0x05,0x02,0x02,0x2C,0x04,0x58,0x20,0x10,0x60,0x20,0x20,0x40,0x41,0x80,0x81,
  0x00,0x01,0x01,0x0A,0x02,0x0C,0x04,0x08,0x28,0x20,0x10,0x20,0x20,0x80,0x40,0x80,0x83,0x00,0x03,0x01,
  0x0A,0x04,0x04,0x04,0x10,0x08,0x30,0x20,0x80,0x40,0x00,0x00,0x00,0x54,0xA5,0x4A,0xDD,0xD1,0xF9,0x82,
  0x03,0x01,0x04,0x08,0x02,0x10,0x04,0x10,0x08,0x30,0x10,0x40,0x20,0x80,0x40,0x00,0x81,0x00,0x02,0x01,
  0x08,0x02,0x04,0x04,0x10,0x08,0x10,0x70,0x20,0x20,0x80,0x40,0x00,0x82,0x00,0x02,0x01,0x02,0x02,0x08,
  0x04,0x20,0x08,0x40,0x10,0x40,0x20,0x00,0x41,0x00,0x02,0x02,0x01,0x07,0x02,0x02,0x08,0x04,0x20,0x08,
  0xC0,0x10,0x80,0x21,0x00,0x42,0x02,0x00,0x00,0x54,0xB7,0x71,0xED,0xD1,0xF9,0x83,0x00,0x01,0x01,0x14,
  0x02,0x04,0x04,0x18,0x20,0x30,0x10,0x20,0x20,0x80,0x80,0x00,0x81,0x00,0x01,0x01,0x02,0x02,0x04,0x04,
  0x08,0x08,0x10,0x10,0x40,0x20,0x80,0x80,0x80,0x00,0x01,0x02,0x01,0x04,0x02,0x0C,0x04,0x08,0x08,0x30,
  0x10,0x40,0x20,0xC0,0x40,0x80,0x80,0x00,0x03,0x01,0x04,0x02,0x08,0x08,0x08,0x10,0x20,0x10,0x40,0x20,
  0x40,0x40,0x80,0x80,0x00,0x01,0x01,0x02,0x02,0x04,0x10,0x18,0x08,0x10,0x10,0x40,0x40,0x80,0x40,0x00,
  0x81,0x00,0x02,0x01,0x12,0x02,0x08,0x04,0x10,0x08,0x50,0x10,0x60,0x20,0x80,0x40,0x00,0x82,0x00,0x05,
  0x03,0x00,0x00,0x00,0x55,0x57,0x4F,0xED,0xD1,0xF9,0x83,0x00,0x0C,0x01,0x0A,0x08,0x08,0x18,0x08,0x08,
  0x20,0x10,0x20,0x20,0x40,0x41,0x80,0x80,0x00,0x02,0x02,0x0A,0x02,0x08,0x04,0x10,0x08,0x30,0x10,0xA0,
  0x20,0x80,0x40,0x80,0x00,0x01,0x03,0x04,0x04,0x02,0x04,0x04,0x30,0x10,0x20,0x10,0x20,0x20,0x80,0x41,
  0x81,0x80,0x01,0x02,0x04,0x04,0x02,0x04,0x04,0x30,0x08,0x50,0x10,0xC0,0x20,0x40,0x01,0x82,0x82,0x00,
  0x06,0x01,0x00,0x00,0x00,0x55,0xC3,0x51,0xEC,0xD2,0xF9,0x83,0x00,0x08,0x0B,0x12,0x02,0x04,0x04,0x10,
  0x30,0x10,0x10,0x20,0x20,0x80,0x40,0x00,0x82,0x00,0x01,0x01,0x02,0x02,0x08,0x18,0x08,0x08,0x10,0x10,
  0x20,0x21,0x40,0x40,0x80,0x80,0x04,0x01,0x01,0x02,0x02,0x18,0x10,0x08,0x08,0x10,0x40,0x20,0x40,0x40,
  0x40,0x80,0x80,0x00,0x01,0x01,0x04,0x02,0x04,0x04,0x20,0x08,0x10,0x40,0x20,0x20,0x00,0x41,0x00,0x83,
  0x00,0x04,0x01,0x08,0x06,0x00,0x00,0x00,0x55,0xDB,0x64,0xED,0xD1,0x79,0x83,0x00,0x03,0x01,0x12,0x02,
  0x04,0x04,0x18,0x20,0x10,0x90,0x40,0x20,0xC0,0x40,0x80,0x80,0x00,0x03,0x01,0x04,0x02,0x04,0x1C,0x08,
  0x08,0x20,0x10,0x60,0x20,0x40,0x40,0x80,0x80,0x00,0x01,0x01,0x04,0x16,0x08,0x04,0x18,0x08,0x10,0x10,
  0x20,0x20,0x40,0x40,0x00,0x81,0x00,0x01,0x07,0x02,0x08,0x0C,0x04,0x08,0x08,0x30,0x10,0x40,0x20,0x80,
  0x80,0x80,0x00,0x01,0x07,0x01,0x02,0x02,0x04,0x04,0x08,0x08,0x50,0x10,0x40,0x20,0x40,0x40,0x00,0x81,
  0x00,0x07,0x01,0x02,0x02,0x0C,0x00,0x00,0x00,0x00,0x57,0xF6,0x59,0xED,0xD1,0xF9,0x81,0x00,0x04,0x01,
  0x0E,0x02,0x10,0x04,0x28,0x28,0x20,0x10,0xE0,0x20,0xC0,0x00,0x81,0x82,0x00,0x04,0x01,0x02,0x02,0x08,
  0x1C,0x08,0x08,0x10,0x10,0x60,0x20,0xC0,0x40,0x80,0x00,0x01,0x01,0x01,0x04,0x02,0x08,0x04,0x10,0x08,
  0x10,0x10,0x20,0x20,0x40,0x41,0x00,0x82,0x01,0x03,0x05,0x04,0x02,0x04,0x04,0x28,0x08,0x40,0x10,0x20,
  0x20,0x40,0xC1,0x80,0x80,0x00,0x02,0x01,0x02,0x08,0x10,0x04,0x18,0x10,0x60,0x10,0xA0,0x20,0x00,0x00,
  0x00,0x58,0x03,0x48,0xED,0xD1,0x79,0x81,0x00,0x06,0x01,0x0C,0x02,0x18,0x04,0x10,0x30,0x10,0x60,0x40,
  0x20,0x40,0x41,0x00,0x03,0x02,0x02,0x04,0x06,0x02,0x08,0x04,0x10,0x08,0x20,0x10,0x40,0x20,0xC0,0x40,
  0x80,0x80,0x00,0x03,0x01,0x04,0x02,0x0C,0x04,0x08,0x08,0x30,0x10,0x20,0x20,0x80,0x80,0x80,0x80,0x00,
  0x02,0x02,0x10,0x02,0x1C,0x2C,0x38,0x08,0xC0,0x10,0xC0,0xA0,0x01,0x00,0x00,0x58,0x5A,0x5D,0xED,0xD1,
  0x79,0x81,0x00,0x0C,0x01,0x02,0x12,0x08,0x04,0x08,0x08,0x70,0x10,0x40,0x20,0x80,0xC0,0x81,0x00,0x02,
  0x03,0x01,0x0E,0x02,0x0C,0x04,0x08,0x08,0x30,0x10,0x40,0x20,0x40,0x80,0x00,0x01,0x01,0x01,0x01,0x06,
  0x02,0x08,0x04,0x08,0x08,0x10,0x20,0x80,0x20,0xC0,0x40,0x00,0x01,0x01,0x04,0x01,0x04,0x02,0x04,0x0C,
  0x08,0x08,0x30,0x20,0x60,0x20,0x40,0x40,0x80,0x80,0x00,0x01,0x02,0x08,0x02,0x08,0x04,0x10,0x08,0x40,
  0x20,0x60,0x20,0x80,0x82,0x00,0x02,0x00,0x00,0x00,0x58,0x7F,0x4F,0xED,0xD1,0x79,0x81,0x00,0x05,0x01,
  0x0C,0x02,0x08,0x1C,0x18,0x08,0x20,0x10,0x40,0x20,0x80,0x40,0x80,0x81,0x00,0x01,0x0D,0x02,0x02,0x08,
  0x04,0x10,0x08,0x30,0x10,0x40,0xE0,0xC0,0x40,0x80,0x81,0x00,0x01,0x01,0x02,0x02,0x10,0x04,0x18,0x28,
  0x40,0x10,0x80,0x20,0xC0,0x41,0x80,0x80,0x04,0x02,0x02,0x04,0x02,0x0C,0x04,0x10,0x10,0x30,0x20,0x40,
  0x20,0x80,0xC2,0x80,0x83,0x01,0x03,0x03,0x00,0x00,0x00,0x59,0x2C,0x35,0xED,0xD1,0x79,0x83,0x00,0x0C,
  0x01,0x18,0x02,0x20,0x24,0x40,0x08,0x30,0x10,0x00,0x21,0xC0,0x40,0x00,0x84,0x00,0x03,0x01,0x10,0x02,
  0x0C,0x04,0x10,0x68,0x60,0x10,0x60,0x21,0x40,0x40,0x80,0x84,0x00,0x03,0x01,0x0C,0x04,0x14,0x08,0x10,
  0x10,0x90,0x20,0x00,0x00,0x00,0x59,0xE4,0x64,0xED,0xD1,0x79,0x81,0x00,0x0C,0x01,0x0E,0x04,0x0C,0x04,
  0x18,0x20,0x30,0x50,0x20,0x20,0xC0,0x41,0x00,0x81,0x00,0x01,0x01,0x0E,0x02,0x08,0x04,0x08,0x38,0x10,
  0x10,0x40,0x20,0x40,0x40,0x00,0x83,0x00,0x02,0x01,0x04,0x02,0x1C,0x04,0x08,0x08,0x20,0x10,0x20,0x80,
  0xC0,0x40,0x80,0x81,0x00,0x01,0x01,0x04,0x02,0x08,0x04,0x08,0x08,0x20,0x10,0x20,0x20,0x80,0x40,0x00,
  0x81,0x00,0x02,0x01,0x02,0x02,0x04,0x04,0x10,0x08,0x10,0x10,0x80,0x20,0x80,0x00,0x81,0x82,0x00,0x03,
  0x01,0x04,0x02,0x04,0x00,0x00,0x00,0x00,0x5A,0x35,0x86,0xED,0xD1,0x79,0x81,0x00,0x0C,0x01,0x02,0x0A,
  0x18,0x04,0x10,0x08,0x10,0x10,0x20,0x60,0x40,0x00,0x81,0x80,0x00,0x01,0x01,0x02,0x02,0x04,0x04,0x10,
  0x08,0x10,0x10,0x20,0x60,0x40,0x40,0x80,0x80,0x00,0x02,0x01,0x02,0x02,0x04,0x04,0x08,0x08,0x10,0x10,
  0x20,0x20,0x80,0x40,0x80,0x80,0x00,0x01,0x01,0x02,0x02,0x04,0x04,0x08,0x08,0x20,0x10,0x20,0x20,0x40,
  0xC0,0x80,0x80,0x00,0x01,0x01,0x02,0x02,0x08,0x04,0x08,0x08,0x10,0x10,0x40,0x20,0xC0,0x40,0x80,0x80,
  0x00,0x01,0x01,0x02,0x02,0x08,0x04,0x20,0x08,0x20,0x10,0x20,0x40,0x40,0x40,0x80,0x81,0x00,0x01,0x05,
  0x02,0x02,0x04,0x04,0x10,0x08,0x10,0x10,0x60,0x20,0x40,0x40,0x80,0x80,0x00,0x01,0x01,0x0C,0x04,0x0C,
  0x04,0x00,0x00,0x00,0x5B,0xD8,0x39,0xED,0xD1,0x79,0x83,0x00,0x06,0x0E,0x16,0x02,0x18,0x04,0x38,0x58,
  0x70,0x10,0x00,0x21,0x01,0x41,0x80,0x83,0x00,0x04,0x01,0x06,0x02,0x0C,0x04,0x20,0x08,0x30,0x10,0x60,
  0x20,0x00,0x41,0x80,0x81,0x00,0x03,0x01,0x04,0x1A,0x0C,0x04,0x28,0x08,0x50,0x10,0xE0,0x20,0x80,0x00,
  0x00,0x00,0x00,0x5B,0xE6,0x3B,0xED,0xD1,0x79,0x83,0x00,0x06,0x0E,0x16,0x02,0x08,0x24,0x20,0x08,0x30,
  0x10,0x60,0x20,0x80,0x40,0x83,0x80,0x00,0x03,0x01,0x08,0x02,0x0C,0x28,0x88,0x48,0x40,0x10,0x20,0x20,
  0x80,0x40,0x00,0x81,0x00,0x04,0x01,0x04,0x02,0x08,0x04,0x08,0x08,0x40,0x90,0xA0,0x20,0x40,0x41,0x80,
  0x01,0x00,0x00,0x00,0x5B,0xFD,0x39,0xED,0xD1,0x79,0x04,0x02,0x02,0x07,0x14,0x02,0x14,0x04,0x10,0x08,
  0x40,0x10,0x80,0x20,0xC0,0x40,0x80,0x81,0x00,0x03,0x01,0x08,0x02,0x14,0x04,0x60,0x08,0x40,0xD0,0x00,
  0x21,0x80,0x41,0x80,0x82,0x00,0x07,0x01,0x08,0x02,0x1C,0x04,0x20,0x08,0xC0,0x10,0x40,0x61,0x00,0x01,
  0x00,0x00,0x00,0x5C,0x44,0x46,0xDD,0xD1,0x79,0x81,0x05,0x02,0x01,0x12,0x02,0x08,0x04,0x48,0x08,0x20,
  0xB0,0x40,0x20,0x00,0x41,0x80,0x83,0x00,0x05,0x01,0x0C,0x02,0x04,0x24,0x10,0x08,0x10,0x10,0xE0,0x20,
  0x80,0x40,0x80,0x80,0x00,0x07,0x01,0x04,0x02,0x0C,0x04,0x18,0x08,0x30,0x10,0x80,0x20,0xC0,0x40,0x80,
  0x81,0x00,0x03,0x01,0x0A,0x02,0x04,0x04,0x18,0x08,0x70,0x10,0x00,0x00,0x00,0x5C,0x7C,0x7B,0xED,0xD1,
  0x79,0x81,0x00,0x0C,0x01,0x06,0x0E,0x08,0x04,0x20,0x08,0x20,0x10,0x40,0x20,0x40,0x40,0x80,0x80,0x00,
  0x02,0x01,0x04,0x02,0x08,0x04,0x08,0x08,0x10,0x10,0x40,0x20,0x80,0x40,0x00,0x81,0x00,0x01,0x01,0x02,
  0x02,0x08,0x04,0x10,0x08,0x20,0x10,0x20,0x20,0x40,0x40,0x00,0x81,0x00,0x02,0x01,0x04,0x02,0x04,0x04,
  0x08,0x08,0x20,0x10,0x40,0x20,0x80,0x40,0x80,0x80,0x00,0x01,0x01,0x04,0x02,0x08,0x04,0x10,0x08,0x10,
  0x10,0x20,0x20,0x80,0x40,0x00,0x81,0x00,0x02,0x01,0x02,0x06,0x08,0x04,0x10,0x08,0x20,0x20,0x40,0x20,
  0x40,0x40,0x80,0x81,0x00,0x01,0x01,0x0C,0x02,0x0C,0x04,0x08,0x08,0x50,0x10,0xA0,0x40,0x00,0x00,0x00,
  0x5C,0xA1,0x44,0xDC,0xD2,0x79,0x80,0x06,0x0A,0x02,0x04,0x02,0x10,0x04,0x10,0x10,0x30,0x10,0x40,0x20,
  0xC0,0x80,0x80,0x00,0x04,0x01,0x02,0x08,0x02,0x14,0x08,0x08,0x08,0x20,0x10,0x60,0x20,0x40,0x80,0x80,
  0x80,0x00,0x02,0x01,0x06,0x02,0x04,0x08,0x08,0x08,0x20,0x10,0x60,0x20,0x40,0x80,0x80,0x00,0x04,0x01,
  0x02,0x14,0x04,0x28,0x08,0x40,0x18,0x00,0x00,0x00,0x5E,0x79,0x4C,0xED,0xD1,0xF9,0x81,0x00,0x05,0x01,
  0x0C,0x02,0x14,0x04,0x18,0x30,0x20,0x10,0x20,0x20,0x40,0x41,0x00,0x82,0x00,0x01,0x01,0x06,0x0A,0x04,
  0x04,0x18,0x08,0x20,0x10,0x60,0x40,0x40,0x41,0x80,0x80,0x02,0x01,0x05,0x04,0x02,0x0C,0x04,0x18,0x08,
  0x40,0x50,0x60,0x20,0x80,0x41,0x00,0x81,0x06,0x03,0x01,0x0C,0x02,0x14,0x04,0x30,0x08,0x50,0x10,0xC0,
  0x20,0x40,0x41,0x80,0x01,0x00,0x00,0x00,0x5E,0xDF,0x66,0xED,0xD1,0xF9,0x83,0x00,0x06,0x0C,0x02,0x02,
  0x0C,0x04,0x40,0x08,0x10,0x50,0x20,0x80,0x40,0x40,0x80,0x81,0x00,0x03,0x01,0x04,0x02,0x04,0x04,0x08,
  0x28,0x10,0x10,0x40,0x20,0x40,0x40,0x80,0x80,0x00,0x03,0x01,0x02,0x08,0x04,0x04,0x08,0x28,0x10,0x10,
  0x40,0x20,0x40,0x40,0x80,0x80,0x00,0x03,0x01,0x02,0x02,0x08,0x04,0x08,0x08,0x10,0x50,0x20,0x80,0x40,
  0x40,0x80,0x81,0x00,0x03,0x01,0x04,0x02,0x04,0x04,0x08,0x30,0x30,0x10,0x20,0x20,0xC0,0x40,0x00,0x81,
  0x00,0x03,0x02,0x08,0x02,0x04,0x04,0x10,0x18,0x00,0x00,0x00,0x5E,0xEC,0x64,0xED,0xD1,0xF9,0x83,0x00,
  0x06,0x0C,0x02,0x02,0x14,0x04,0x30,0x08,0x20,0x90,0x20,0x20,0x80,0x40,0x00,0x81,0x00,0x04,0x01,0x02,
  0x02,0x08,0x1C,0x18,0x08,0x20,0x10,0x40,0x20,0xC0,0x40,0x00,0x81,0x00,0x02,0x01,0x02,0x0C,0x08,0x04,
  0x10,0x08,0x10,0x10,0x20,0x20,0x40,0x40,0x80,0x81,0x00,0x02,0x01,0x02,0x0A,0x0C,0x04,0x10,0x08,0x10,
  0x10,0x20,0x20,0x40,0x40,0x80,0x81,0x00,0x01,0x01,0x02,0x0E,0x08,0x04,0x08,0x08,0x10,0x10,0x20,0x20,
  0x40,0x40,0x80,0x80,0x00,0x01,0x01,0x02,0x02,0x04,0x24,0x00,0x00,0x00,0x5F,0x0D,0x31,0xED,0xD1,0x79,
  0x84,0x00,0x01,0x01,0x14,0x02,0x08,0x04,0x48,0x08,0x40,0xD0,0x00,0x21,0x00,0x43,0x00,0x86,0x00,0x05,
  0x06,0x02,0x02,0x30,0x04,0x68,0x08,0xC0,0x10,0x40,0x20,0x40,0xC1,0x00,0x81,0x00,0x01,0x06,0x0C,0x04,
  0x30,0x04,0x00,0x00,0x00,0x5F,0xA9,0x55,0xED,0xD1,0xF9,0x81,0x00,0x02,0x01,0x12,0x02,0x08,0x1C,0x10,
  0x08,0x20,0x10,0x00,0x21,0x80,0x40,0x80,0x00,0x03,0x01,0x01,0x04,0x02,0x08,0x04,0x20,0x08,0x40,0x10,
  0x40,0xC0,0xC0,0x40,0x80,0x81,0x00,0x04,0x01,0x04,0x04,0x0C,0x18,0x08,0x08,0x10,0x10,0x80,0x20,0xC0,
  0x41,0x80,0x01,0x03,0x03,0x01,0x04,0x04,0x10,0x04,0x18,0x08,0x10,0x10,0x40,0x20,0x80,0x40,0x00,0x82,
  0x00,0x05,0x02,0x0A,0x02,0x08,0x0C,0x10,0x18,0x00,0x00,0x00,0x60,0xC7,0x4A,0xED,0xD1,0x79,0x81,0x00,
  0x06,0x01,0x0A,0x02,0x08,0x20,0x10,0x08,0xC0,0x20,0x40,0xC0,0x40,0x40,0x80,0x80,0x00,0x01,0x01,0x02,
  0x02,0x10,0x04,0x08,0x08,0x10,0x10,0x60,0xC0,0x40,0x40,0x80,0x80,0x00,0x0C,0x01,0x06,0x0C,0x0C,0x04,
  0x38,0x08,0x40,0x10,0xC0,0x20,0x40,0x41,0x00,0x01,0x04,0x02,0x01,0x0C,0x02,0x14,0x04,0x30,0x08,0x50,
  0x10,0x80,0x60,0xC0,0x00,0x00,0x00,0x00,0x61,0x2C,0x5B,0xED,0xD1,0xF9,0x80,0x00,0x03,0x01,0x12,0x02,
  0x04,0x04,0x18,0x20,0x10,0x70,0x20,0x20,0x80,0x40,0x00,0x82,0x00,0x04,0x04,0x04,0x02,0x04,0x04,0x08,
  0x08,0x20,0x10,0x40,0x20,0x80,0x40,0x80,0x80,0x00,0x01,0x01,0x04,0x08,0x08,0x14,0x10,0x08,0x20,0x10,
  0x60,0x20,0x00,0x41,0x80,0x81,0x00,0x02,0x01,0x08,0x02,0x08,0x0C,0x08,0x08,0x10,0x11,0x00,0x21,0x40,
  0x40,0x00,0x81,0x00,0x04,0x01,0x04,0x02,0x04,0x04,0x28,0x08,0x20,0x20,0x60,0xC0,0x80,0x40,0x00,0x00,
  0x00,0x61,0xFC,0x6C,0xED,0xD1,0x79,0x81,0x00,0x02,0x03,0x02,0x06,0x0C,0x04,0x10,0x08,0x10,0x10,0x20,
  0x20,0x40,0x40,0x80,0x81,0x00,0x02,0x03,0x02,0x06,0x0C,0x08,0x08,0x08,0x10,0x10,0x20,0x20,0x40,0x40,
  0x80,0x80,0x00,0x01,0x01,0x02,0x08,0x04,0x0C,0x08,0x08,0x10,0x10,0x40,0x20,0x40,0x40,0x80,0x80,0x00,
  0x01,0x01,0x02,0x02,0x04,0x04,0x10,0x18,0x10,0x30,0x60,0x20,0xC0,0x40,0x80,0x80,0x00,0x06,0x01,0x04,
  0x0E,0x0C,0x04,0x08,0x10,0x20,0x10,0xC0,0x20,0x80,0x80,0x01,0x82,0x00,0x02,0x01,0x04,0x02,0x18,0x04,
  0x10,0x40,0x20,0x10,0x40,0x20,0xC0,0x01,0x00,0x00,0x00,0x63,0xDC,0x51,0xED,0xD1,0x79,0x81,0x00,0x05,
  0x01,0x0C,0x02,0x10,0x04,0x08,0x08,0x50,0x10,0x60,0x20,0xC0,0x40,0x00,0x01,0x03,0x05,0x02,0x04,0x02,
  0x0C,0x14,0x20,0x08,0xC0,0x10,0x40,0xE0,0xC0,0x80,0x80,0x80,0x00,0x05,0x01,0x02,0x06,0x08,0x1C,0x18,
  0x08,0x30,0x10,0x60,0x20,0x00,0x41,0x80,0x80,0x04,0x02,0x01,0x06,0x02,0x0C,0x04,0x20,0x08,0x20,0x10,
  0x80,0x20,0x80,0xC0,0x80,0x80,0x00,0x05,0x01,0x04,0x00,0x00,0x00,0x00,0x63,0xF7,0x59,0xED,0xD1,0x79,
  0x81,0x00,0x06,0x03,0x06,0x02,0x08,0x10,0x30,0x08,0x50,0x10,0x80,0xA0,0xC0,0x40,0x00,0x83,0x00,0x02,
  0x08,0x04,0x02,0x14,0x04,0x30,0x08,0x30,0x10,0x20,0x20,0x40,0x80,0x80,0x01,0x01,0x01,0x01,0x04,0x02,
  0x08,0x04,0x08,0x18,0x20,0x20,0x20,0x20,0x40,0x80,0x80,0x81,0x00,0x02,0x01,0x04,0x02,0x08,0x04,0x18,
  0x08,0x20,0x70,0x60,0x20,0x80,0x40,0x00,0x81,0x00,0x02,0x01,0x06,0x02,0x14,0x04,0x20,0x18,0x50,0x10,
  0x80,0x00,0x00,0x00,0x00,0x64,0x0D,0x48,0xED,0xD1,0x79,0x81,0x00,0x0C,0x01,0x06,0x0C,0x0C,0x04,0x18,
  0x08,0x40,0x10,0x20,0xA0,0x40,0x80,0x81,0x81,0x00,0x0C,0x01,0x04,0x10,0x08,0x04,0x10,0x08,0x60,0x10,
  0x40,0x40,0x40,0xC0,0x02,0x81,0x00,0x06,0x01,0x04,0x02,0x08,0x20,0x10,0x08,0x20,0x10,0xC0,0x20,0x80,
  0x40,0x00,0x01,0x04,0x02,0x01,0x06,0x02,0x10,0x04,0x08,0x18,0x20,0x10,0xC0,0x20,0x00,0x00,0x00,0x65,
  0x13,0x57,0xED,0xD1,0x79,0x81,0x00,0x05,0x01,0x0C,0x02,0x04,0x24,0x10,0x08,0x10,0x10,0x20,0x20,0xC0,
  0x40,0x80,0x80,0x02,0x01,0x07,0x06,0x02,0x0C,0x04,0x18,0x08,0x40,0x10,0x40,0x00,0x81,0x40,0x80,0x81,
  0x00,0x03,0x01,0x08,0x04,0x04,0x1C,0x08,0x18,0x10,0x10,0x20,0x20,0xC0,0x40,0x80,0x80,0x00,0x02,0x01,
  0x06,0x0A,0x10,0x04,0x28,0x08,0x60,0x10,0x60,0x20,0x40,0xC0,0x00,0x82,0x00,0x02,0x01,0x02,0x04,0x10,
  0x0C,0x08,0x08,0x30,0x50,0x00,0x00,0x00,0x65,0xF8,0x59,0xDC,0xD2,0x79,0x00,0x02,0x01,0x06,0x02,0x02,
  0x08,0x04,0x28,0x08,0x20,0x10,0x40,0x20,0xC0,0x80,0x80,0x81,0x00,0x02,0x01,0x04,0x02,0x14,0x04,0x10,
  0x08,0x10,0xB0,0x60,0x20,0x40,0x40,0x80,0x00,0x01,0x02,0x01,0x06,0x02,0x04,0x04,0x08,0x10,0x20,0x10,
  0x40,0x20,0x80,0x40,0x80,0x00,0x01,0x02,0x01,0x02,0x02,0x08,0x04,0x10,0x10,0x20,0x10,0x60,0x20,0xC0,
  0x40,0x01,0x81,0x00,0x04,0x02,0x04,0x02,0x04,0x04,0x28,0x08,0x90,0x20,0x20,0x00,0x00,0x00,0x00,0x65,
  0xFB,0x2F,0xDD,0xD1,0x79,0x81,0x04,0x04,0x01,0x0E,0x02,0x10,0x24,0x20,0x08,0x70,0x10,0x80,0x20,0xC1,
  0x41,0x80,0x86,0x00,0x06,0x0D,0x06,0x02,0x14,0x04,0x38,0x08,0x30,0x10,0x20,0x61,0x00,0x82,0x80,0x01,
  0x01,0x03,0x03,0x0E,0x06,0x00,0x00,0x00,0x66,0x49,0x35,0xDD,0xD1,0xF9,0x80,0x05,0x03,0x01,0x0A,0x02,
  0x14,0x04,0x10,0x08,0x20,0x10,0x40,0x20,0xC0,0x40,0x81,0x80,0x02,0x06,0x01,0x0A,0x02,0x04,0x34,0x78,
  0x48,0x40,0x10,0xE0,0x20,0x00,0x41,0x02,0x82,0x00,0x07,0x01,0x08,0x12,0x10,0x04,0x38,0x08,0x20,0x00,
  0x00,0x00,0x00,0x66,0xCC,0x46,0xED,0xD1,0xF9,0x83,0x02,0x02,0x05,0x02,0x02,0x0C,0x04,0x10,0x08,0x30,
  0x10,0x20,0xA0,0x80,0x40,0x81,0x80,0x00,0x03,0x01,0x04,0x02,0x0C,0x04,0x08,0x28,0x20,0x50,0x20,0x20,
  0xC0,0x40,0x00,0x03,0x01,0x02,0x03,0x0E,0x02,0x18,0x38,0x10,0x08,0x50,0x10,0x40,0x20,0x80,0x40,0x80,
  0x83,0x00,0x03,0x01,0x02,0x0E,0x04,0x04,0x38,0x08,0x60,0xD0,0x00,0x00,0x00,0x67,0x59,0x5B,0xED,0xD1,
  0xF9,0x81,0x00,0x04,0x01,0x0E,0x02,0x10,0x04,0x08,0x08,0x50,0x10,0x80,0x20,0x80,0x40,0x80,0x00,0x03,
  0x02,0x01,0x04,0x02,0x10,0x04,0x20,0x08,0x10,0x30,0x40,0x40,0x80,0x00,0x81,0x82,0x01,0x03,0x01,0x0A,
  0x02,0x04,0x04,0x08,0x08,0x20,0x10,0xA0,0x20,0x40,0x40,0x80,0x80,0x00,0x02,0x01,0x08,0x02,0x08,0x04,
  0x20,0x08,0x70,0x10,0xA0,0x20,0x40,0x40,0x00,0x82,0x00,0x05,0x01,0x02,0x02,0x10,0x04,0x30,0x10,0x40,
  0x10,0xE0,0x20,0x40,0x00,0x00,0x00,0x00,0x67,0xB2,0x39,0xED,0xD1,0x79,0x82,0x00,0x0B,0x01,0x0A,0x02,
  0x14,0x04,0x38,0x08,0x30,0xB0,0x80,0x21,0xC0,0x40,0x02,0x82,0x00,0x07,0x01,0x08,0x02,0x1C,0x04,0x20,
  0x48,0x80,0x10,0xC0,0xA0,0x01,0x41,0x80,0x80,0x00,0x01,0x01,0x0C,0x04,0x08,0x04,0x10,0x10,0x20,0x20,
  0x80,0x20,0x00,0x81,0x00,0x00,0x00,0x67,0xC5,0x64,0xED,0xD1,0x79,0x81,0x00,0x0C,0x01,0x06,0x0C,0x0C,
  0x04,0x18,0x08,0x40,0x10,0x20,0xA0,0x40,0x40,0x00,0x82,0x00,0x03,0x01,0x06,0x0C,0x0C,0x04,0x18,0x08,
  0x70,0x30,0x40,0x20,0x40,0x40,0x80,0x81,0x00,0x01,0x02,0x02,0x02,0x04,0x04,0x08,0x08,0x20,0x10,0x20,
  0x20,0x40,0x40,0x80,0x81,0x00,0x01,0x01,0x02,0x02,0x10,0x04,0x18,0x08,0x10,0x20,0xA0,0x20,0xC0,0x40,
  0x80,0x80,0x00,0x06,0x01,0x06,0x02,0x04,0x04,0x18,0x08,0x20,0x10,0x40,0x20,0x80,0x40,0x80,0x81,0x00,
  0x02,0x01,0x02,0x02,0x10,0x10,0x00,0x00,0x00,0x68,0xC4,0x3E,0xED,0xD1,0xF9,0x82,0x00,0x07,0x0D,0x06,
  0x02,0x18,0x04,0x20,0x50,0x70,0x10,0x80,0x20,0xC0,0x40,0x80,0x81,0x00,0x03,0x01,0x04,0x1A,0x08,0x04,
  0x18,0x08,0x30,0x10,0x80,0x20,0x01,0x42,0x00,0x83,0x06,0x04,0x01,0x02,0x02,0x04,0x04,0x30,0x10,0x20,
  0x10,0x40,0x40,0x80,0x80,0x00,0x82,0x00,0x04,0x02,0x00,0x00,0x00,0x69,0x6C,0x57,0xED,0xD1,0x79,0x81,
  0x00,0x0C,0x01,0x06,0x0C,0x0C,0x04,0x18,0x08,0x40,0x10,0x20,0xA0,0x40,0x80,0x81,0x81,0x00,0x03,0x01,
  0x08,0x02,0x0C,0x04,0x18,0x30,0x20,0x30,0x60,0x20,0x80,0x81,0x80,0x80,0x00,0x01,0x08,0x02,0x02,0x08,
  0x04,0x18,0x08,0x20,0x10,0x40,0x20,0xC0,0x40,0x80,0x80,0x00,0x01,0x01,0x02,0x02,0x08,0x04,0x18,0x08,
  0x50,0x10,0x40,0x20,0xC0,0x40,0x81,0x80,0x00,0x02,0x01,0x12,0x02,0x08,0x04,0x38,0x10,0x10,0x00,0x00,
  0x00,0x00,0x6A,0x5F,0x7F,0xED,0xD1,0x79,0x81,0x00,0x02,0x01,0x04,0x02,0x08,0x04,0x18,0x08,0x10,0x10,
  0x20,0x20,0x40,0x40,0x80,0x80,0x00,0x01,0x01,0x04,0x02,0x04,0x0C,0x08,0x08,0x10,0x70,0x20,0x20,0x80,
  0x40,0x00,0x81,0x00,0x03,0x01,0x02,0x02,0x04,0x04,0x08,0x08,0x10,0x10,0x20,0x20,0x80,0x40,0x80,0x80,
  0x01,0x01,0x01,0x02,0x06,0x04,0x0C,0x08,0x08,0x20,0x10,0x40,0x20,0x80,0x80,0x80,0x00,0x05,0x01,0x01,
  0x04,0x02,0x08,0x04,0x30,0x08,0x20,0x10,0x60,0x20,0x40,0x40,0x80,0x81,0x00,0x02,0x02,0x04,0x02,0x04,
  0x08,0x10,0x08,0x20,0x10,0x20,0x20,0x80,0x40,0x80,0x80,0x00,0x02,0x01,0x04,0x02,0x0C,0x04,0x08,0x10,
  0x20,0x10,0x20,0x20,0xC0,0x40,0x80,0x81,0x00,0x00,0x00,0x6A,0x87,0x5B,0xED,0xD1,0x79,0x81,0x00,0x03,
  0x01,0x02,0x02,0x18,0x04,0x18,0x08,0x20,0x10,0xA0,0x20,0x80,0x00,0x02,0x81,0x00,0x01,0x02,0x04,0x02,
  0x10,0x10,0x08,0x38,0x30,0x10,0x40,0x20,0x80,0x40,0x00,0x83,0x00,0x02,0x07,0x04,0x06,0x04,0x04,0x10,
  0x08,0x50,0x20,0x20,0x40,0x41,0x40,0x00,0x81,0x00,0x09,0x01,0x02,0x08,0x04,0x10,0x10,0x08,0x10,0x10,
  0x40,0x20,0x40,0x40,0x00,0x81,0x00,0x02,0x01,0x02,0x02,0x08,0x0C,0x10,0x08,0x20,0x10,0x20,0x20,0x80,
  0x81,0x00,0x00,0x00,0x6A,0xF8,0x68,0xED,0xD1,0xF9,0x80,0x00,0x03,0x01,0x02,0x02,0x08,0x08,0x10,0x08,
  0x20,0x10,0x40,0x40,0x80,0x40,0x00,0x81,0x00,0x02,0x02,0x02,0x02,0x08,0x08,0x10,0x08,0x20,0x10,0x40,
  0x40,0x80,0x40,0x80,0x80,0x01,0x01,0x02,0x04,0x02,0x04,0x08,0x10,0x08,0x20,0x10,0x20,0x20,0x40,0x40,
  0x00,0x81,0x00,0x02,0x01,0x02,0x18,0x0C,0x04,0x20,0x08,0x20,0x30,0x20,0x20,0xC0,0x40,0x00,0x81,0x00,
  0x02,0x01,0x02,0x02,0x08,0x14,0x08,0x08,0x10,0x10,0xC0,0x20,0x40,0x41,0x80,0x81,0x03,0x02,0x01,0x0C,
  0x02,0x14,0x04,0x30,0x08,0x40,0x00,0x00,0x00,0x00,0x6C,0x59,0x3B,0xDD,0xD1,0xF9,0x80,0x00,0x03,0x07,
  0x06,0x02,0x14,0x04,0x38,0x08,0x40,0x10,0x80,0x21,0x00,0x41,0x80,0x83,0x00,0x05,0x01,0x04,0x12,0x0C,
  0x04,0x20,0x08,0x70,0x10,0x80,0x20,0x80,0x41,0x80,0x82,0x00,0x06,0x01,0x0A,0x02,0x14,0x04,0x30,0x08,
  0x50,0x10,0xC0,0x20,0x80,0xC2,0x00,0x02,0x00,0x00,0x00,0x6D,0x0A,0x4C,0xED,0xD1,0x79,0x84,0x00,0x05,
  0x01,0x0C,0x02,0x18,0x04,0x28,0x08,0x70,0x10,0x20,0x00,0xC1,0x41,0x80,0x82,0x00,0x05,0x01,0x0E,0x02,
  0x10,0x04,0x08,0x20,0x60,0x20,0x80,0x20,0x00,0x81,0x80,0x80,0x00,0x03,0x01,0x0A,0x02,0x08,0x1C,0x10,
  0x08,0x30,0x10,0x60,0x20,0x00,0x41,0x80,0x81,0x00,0x03,0x01,0x06,0x02,0x10,0x04,0x18,0x08,0x30,0x10,
  0x80,0x20,0x40,0xC0,0x00,0x01,0x00,0x00,0x00,0x6D,0x1F,0x4A,0xED,0xD1,0x79,0x84,0x00,0x05,0x01,0x0C,
  0x02,0x18,0x04,0x10,0x40,0x30,0x10,0x80,0x20,0x40,0xC2,0x81,0x80,0x00,0x07,0x01,0x04,0x02,0x08,0x04,
  0x18,0x38,0x40,0x10,0x20,0x20,0x80,0x40,0x80,0x83,0x00,0x01,0x08,0x04,0x02,0x14,0x04,0x18,0x08,0x20,
  0x10,0xA0,0x20,0x40,0x80,0x00,0x81,0x00,0x05,0x01,0x02,0x02,0x10,0x04,0x20,0x08,0x30,0x10,0xE0,0x20,
  0x40,0x81,0x00,0x00,0x00,0x6D,0x5F,0x79,0xED,0xD1,0x79,0x83,0x00,0x02,0x01,0x08,0x02,0x10,0x04,0x10,
  0x08,0x50,0x10,0x40,0x20,0xC0,0x40,0x00,0x84,0x00,0x01,0x01,0x02,0x08,0x10,0x08,0x08,0x10,0x20,0x10,
  0x20,0x20,0x80,0x40,0x80,0x80,0x00,0x01,0x01,0x02,0x02,0x04,0x04,0x10,0x08,0x30,0x10,0x20,0x20,0x40,
  0x40,0x80,0x80,0x00,0x04,0x01,0x02,0x02,0x04,0x04,0x08,0x08,0x10,0x10,0x80,0x20,0x40,0x40,0x80,0x80,
  0x00,0x01,0x01,0x02,0x02,0x0C,0x04,0x10,0x08,0x10,0x10,0x40,0x20,0x00,0x41,0x00,0x81,0x00,0x01,0x01,
  0x04,0x02,0x0C,0x04,0x18,0x08,0x30,0x10,0x20,0x20,0x80,0x40,0x80,0x81,0x00,0x03,0x01,0x02,0x02,0x18,
  0x04,0x10,0x08,0x30,0x10,0x00,0x00,0x00,0x6F,0x21,0x48,0xED,0xD1,0x79,0x83,0x00,0x07,0x01,0x08,0x0E,
  0x08,0x04,0x10,0x08,0xB0,0x10,0x20,0xC0,0xC0,0x41,0x00,0x82,0x00,0x01,0x01,0x0A,0x0C,0x08,0x04,0x20,
  0x08,0x40,0x10,0x80,0x20,0x80,0x80,0x01,0x82,0x00,0x0B,0x01,0x04,0x10,0x08,0x04,0x18,0x08,0x70,0x10,
  0x60,0x00,0x41,0x40,0x00,0x81,0x00,0x02,0x01,0x02,0x02,0x08,0x04,0x30,0x08,0x10,0x10,0x40,0x40,0x00,
  0x00,0x00,0x6F,0xEC,0x4F,0xED,0xD1,0x79,0x84,0x00,0x05,0x01,0x0C,0x08,0x0C,0x04,0x28,0x08,0x70,0x10,
  0x20,0xE0,0x80,0x41,0x80,0x82,0x00,0x01,0x01,0x0A,0x0A,0x0C,0x04,0x18,0x08,0x10,0x10,0x20,0x20,0x40,
  0x40,0x00,0x82,0x00,0x02,0x05,0x0A,0x02,0x04,0x08,0x18,0x10,0x30,0x10,0x60,0xA0,0x40,0x40,0x00,0x81,
  0x00,0x03,0x01,0x06,0x02,0x0C,0x04,0x20,0x28,0x30,0x10,0x80,0x20,0xC0,0x40,0x00,0x84,0x02,0x02,0x00,
  0x00,0x00,0x00,0x70,0x7D,0x48,0xDD,0xD1,0xF9,0x81,0x00,0x03,0x01,0x06,0x02,0x0C,0x04,0x18,0x08,0x30,
  0x10,0x60,0x20,0xC0,0x40,0x80,0x81,0x00,0x05,0x01,0x06,0x02,0x0C,0x04,0x28,0x08,0x30,0x10,0x60,0x20,
  0x00,0x45,0x00,0x84,0x00,0x03,0x01,0x06,0x02,0x10,0x04,0x18,0x08,0x20,0x10,0x80,0x20,0xC0,0x40,0x80,
  0x80,0x00,0x09,0x01,0x06,0x02,0x18,0x08,0x28,0x10,0x20,0x20,0x20,0x41,0x00,0x00,0x00,0x70,0xDC,0x4F,
  0xED,0xD1,0x79,0x81,0x00,0x0C,0x01,0x04,0x10,0x08,0x04,0x50,0x08,0x10,0x10,0x20,0x20,0x00,0x42,0x80,
  0x00,0x01,0x02,0x06,0x02,0x02,0x04,0x04,0x18,0x08,0x40,0x10,0x20,0x20,0x40,0x40,0x80,0x81,0x00,0x04,
  0x01,0x06,0x02,0x0C,0x18,0x18,0x08,0x30,0x10,0x80,0x20,0xC0,0x40,0x80,0x81,0x00,0x04,0x01,0x04,0x02,
  0x04,0x04,0x10,0x30,0x20,0x10,0x40,0x20,0x40,0x42,0x80,0x85,0x00,0x04,0x08,0x00,0x00,0x00,0x70,0xDD,
  0x48,0xED,0xD1,0x79,0x01,0x04,0x0B,0x01,0x16,0x02,0x0C,0x04,0x10,0x20,0x10,0x10,0x60,0x20,0x80,0x41,
  0x80,0x00,0x01,0x01,0x01,0x0C,0x02,0x08,0x04,0x08,0x08,0x60,0x10,0x60,0x20,0x80,0x80,0x80,0x81,0x00,
  0x02,0x03,0x08,0x06,0x38,0x24,0x80,0x08,0x20,0x10,0x40,0x20,0xC0,0x40,0x00,0x81,0x00,0x03,0x01,0x04,
  0x02,0x0C,0x08,0x20,0x08,0x20,0x10,0x60,0x20,0x00,0x00,0x00,0x72,0xB5,0x4F,0xED,0xD1,0xF9,0x81,0x00,
  0x02,0x01,0x0C,0x02,0x08,0x04,0x10,0x08,0x70,0x10,0x20,0x20,0x80,0xC0,0x01,0x81,0x00,0x02,0x01,0x10,
  0x02,0x04,0x08,0x40,0x08,0x20,0x10,0x80,0x21,0x80,0x80,0x81,0x01,0x01,0x06,0x01,0x06,0x02,0x04,0x04,
  0x28,0x08,0x30,0x10,0x40,0x20,0x00,0x41,0x80,0x83,0x00,0x03,0x01,0x10,0x02,0x08,0x04,0x28,0x08,0x30,
  0x10,0x40,0x20,0x40,0x41,0x80,0x00,0x01,0x04,0x06,0x00,0x00,0x00,0x73,0x35,0x6A,0xED,0xD1,0xF9,0x81,
  0x00,0x04,0x01,0x08,0x02,0x08,0x04,0x28,0x08,0x40,0x10,0x20,0x20,0x80,0xC0,0x01,0x81,0x00,0x03,0x01,
  0x0A,0x02,0x04,0x04,0x08,0x08,0x20,0x10,0xA0,0x40,0x80,0x40,0x00,0x81,0x03,0x03,0x01,0x04,0x02,0x20,
  0x08,0x10,0x38,0x10,0x10,0x20,0x20,0x40,0x80,0x80,0x80,0x00,0x01,0x01,0x02,0x04,0x08,0x04,0x08,0x10,
  0x10,0x10,0x20,0x20,0x40,0x40,0x80,0x01,0x01,0x01,0x07,0x06,0x02,0x08,0x04,0x08,0x08,0x10,0x10,0x20,
  0x20,0xC0,0x40,0x00,0x81,0x00,0x01,0x01,0x02,0x02,0x04,0x04,0x08,0x10,0x30,0x10,0x80,0x40,0x00,0x00,
  0x00,0x73,0xEA,0x35,0xED,0xD1,0x79,0x84,0x00,0x0C,0x01,0x08,0x0A,0x04,0x18,0x18,0x08,0x50,0x10,0xC0,
  0x20,0x40,0x41,0x00,0x83,0x00,0x02,0x0D,0x14,0x02,0x14,0x04,0x30,0x08,0x50,0x10,0xC0,0x20,0xC0,0x80,
  0x81,0x81,0x01,0x03,0x01,0x08,0x06,0x14,0x04,0x60,0x08,0x90,0x80,0x00,0x00,0x00,0x75,0x03,0x57,0xED,
  0xD1,0x79,0x02,0x01,0x03,0x01,0x08,0x06,0x0C,0x04,0x08,0x08,0x20,0x10,0x60,0x20,0xC0,0x40,0x80,0x80,
  0x00,0x01,0x01,0x02,0x0E,0x08,0x04,0x28,0x18,0x30,0x10,0x20,0x20,0xC0,0x40,0x80,0x80,0x00,0x01,0x01,
  0x02,0x02,0x0C,0x04,0x08,0x08,0x20,0x10,0x40,0x20,0x40,0x41,0x80,0x86,0x06,0x03,0x01,0x18,0x0E,0x14,
  0x04,0x18,0x08,0x20,0x10,0x40,0x20,0x80,0x40,0x80,0x80,0x00,0x02,0x01,0x02,0x02,0x08,0x04,0x10,0x10,
  0x60,0x30,0x00,0x00,0x00,0x75,0x50,0x2F,0xDD,0xD1,0x79,0x80,0x06,0x0F,0x09,0x08,0x02,0x1C,0x04,0x20,
  0x08,0x70,0x10,0x80,0x20,0x01,0xC4,0x02,0x81,0x00,0x04,0x01,0x08,0x02,0x08,0x2C,0x10,0x08,0x40,0x10,
  0x80,0x20,0x80,0xC0,0x02,0x81,0x00,0x09,0x01,0x02,0x00,0x00,0x00,0x00,0x75,0x6C,0x42,0xED,0xD1,0x79,
  0x83,0x00,0x0B,0x01,0x02,0x02,0x20,0x08,0x18,0x10,0x30,0x30,0x20,0xA0,0x40,0xC0,0x00,0x83,0x00,0x07,
  0x0B,0x08,0x02,0x08,0x04,0x10,0x08,0x50,0x10,0x40,0x40,0xC0,0x40,0x80,0x81,0x00,0x09,0x01,0x06,0x12,
  0x10,0x04,0x18,0x08,0x30,0x10,0x80,0x20,0x01,0x41,0x80,0x81,0x00,0x03,0x01,0x08,0x12,0x08,0x00,0x00,
  0x00,0x00,0x76,0x1D,0x62,0xED,0xD1,0x79,0x83,0x00,0x0D,0x01,0x0E,0x16,0x08,0x04,0x50,0x08,0x10,0x10,
  0x20,0x20,0x41,0x80,0x80,0x80,0x00,0x02,0x01,0x02,0x02,0x08,0x04,0x10,0x08,0x10,0x10,0x40,0x20,0x40,
  0x40,0x00,0x81,0x00,0x02,0x01,0x02,0x12,0x04,0x08,0x28,0x08,0x40,0x10,0x20,0x20,0xC0,0x40,0x80,0x80,
  0x00,0x01,0x01,0x08,0x02,0x08,0x04,0x10,0x08,0x20,0x10,0x40,0x20,0x80,0x40,0x80,0x81,0x00,0x03,0x01,
  0x02,0x02,0x10,0x04,0x08,0x08,0x10,0x10,0x40,0x20,0x00,0x41,0x00,0x81,0x00,0x02,0x01,0x02,0x00,0x00,
  0x00,0x00,0x76,0x80,0x2A,0xEC,0xD2,0xF9,0x81,0x00,0x0A,0x01,0x12,0x16,0x04,0x04,0x48,0x08,0x10,0xB0,
  0x20,0x20,0x40,0x42,0x80,0x80,0x05,0x0D,0x01,0x16,0x02,0x18,0x10,0x08,0x38,0x50,0x10,0x40,0x41,0x80,
  0x42,0x80,0x80,0x05,0x00,0x00,0x76,0x9E,0x59,0xED,0xD1,0x79,0x81,0x00,0x04,0x01,0x0E,0x02,0x08,0x1C,
  0x10,0x08,0x30,0x10,0xA0,0x20,0x40,0x00,0x81,0x80,0x03,0x01,0x01,0x04,0x02,0x04,0x04,0x28,0x08,0x10,
  0x10,0x40,0x20,0x40,0xC0,0x81,0x80,0x00,0x02,0x01,0x08,0x02,0x10,0x10,0x08,0x48,0x20,0x10,0x40,0x20,
  0xC0,0x40,0x00,0x81,0x00,0x02,0x01,0x02,0x02,0x08,0x04,0x10,0x08,0x10,0x10,0x40,0x40,0xC0,0x40,0x80,
  0x81,0x02,0x01,0x07,0x02,0x02,0x08,0x04,0x20,0x08,0xC0,0x10,0x80,0x00,0x00,0x00,0x00,0x77,0x1E,0x42,
  0xEC,0xD2,0xF9,0x80,0x00,0x04,0x01,0x0C,0x02,0x0C,0x04,0x20,0x08,0x30,0x90,0xA0,0x21,0x80,0xC0,0x01,
  0x81,0x00,0x02,0x01,0x0A,0x02,0x08,0x04,0x10,0x38,0x20,0x10,0x40,0x20,0x40,0x41,0x00,0x81,0x00,0x02,
  0x07,0x04,0x02,0x08,0x04,0x28,0x08,0x20,0x10,0x40,0xE0,0x80,0x40,0x80,0x05,0x06,0x03,0x01,0x08,0x02,
  0x0C,0x00,0x00,0x00,0x00,0x77,0x8B,0x55,0xED,0xD1,0x79,0x84,0x00,0x04,0x04,0x02,0x12,0x08,0x04,0x20,
  0x08,0x40,0x10,0x40,0x20,0x40,0xC0,0x81,0x00,0x02,0x01,0x01,0x0A,0x02,0x04,0x04,0x10,0x08,0x10,0x70,
  0x20,0x20,0x80,0x40,0x80,0x80,0x00,0x05,0x01,0x02,0x08,0x04,0x1C,0x08,0x08,0x20,0x10,0x20,0x20,0x40,
  0x41,0x80,0x80,0x00,0x02,0x01,0x02,0x0E,0x04,0x10,0x08,0x08,0x50,0x10,0x20,0x20,0x80,0x80,0x02,0x83,
  0x00,0x03,0x01,0x0E,0x02,0x14,0x04,0x08,0x00,0x00,0x00,0x00,0x77,0xFB,0x48,0xED,0xD1,0xF9,0x83,0x00,
  0x0C,0x01,0x0A,0x0A,0x08,0x18,0x10,0x08,0x30,0x10,0x00,0x21,0x80,0x40,0x00,0x84,0x00,0x0C,0x04,0x04,
  0x0A,0x04,0x08,0x10,0x08,0x60,0x10,0x40,0x20,0x80,0x40,0x80,0x82,0x00,0x03,0x01,0x04,0x02,0x10,0x04,
  0x20,0x08,0x20,0x10,0x60,0x20,0x40,0x01,0x01,0x81,0x00,0x04,0x01,0x02,0x02,0x08,0x04,0x10,0x08,0x40,
  0x10,0x00,0xA1,0x00,0x00,0x00,0x78,0x41,0x44,0xDD,0xD1,0x79,0x03,0x03,0x01,0x05,0x0A,0x02,0x10,0x04,
  0x30,0x08,0x50,0x10,0xA0,0x20,0x40,0x40,0x80,0x81,0x00,0x05,0x01,0x06,0x02,0x08,0x10,0x08,0x08,0x50,
  0x30,0x40,0x40,0x00,0x42,0x00,0x81,0x00,0x01,0x06,0x04,0x02,0x08,0x04,0x20,0x08,0x40,0x10,0x40,0x20,
  0x00,0x41,0x00,0x02,0x02,0x04,0x01,0x08,0x02,0x1C,0x04,0x40,0x40,0x00,0x00,0x00,0x79,0x3F,0x4C,0xED,
  0xD1,0xF9,0x80,0x00,0x05,0x01,0x0E,0x02,0x10,0x04,0x60,0x50,0x20,0x10,0xA0,0x20,0xC0,0x40,0x80,0x80,
  0x00,0x06,0x01,0x04,0x02,0x24,0x04,0x10,0x08,0x40,0x10,0x80,0x20,0x40,0xC0,0x00,0x82,0x00,0x03,0x02,
  0x02,0x02,0x04,0x04,0x18,0x08,0x30,0x10,0x40,0x20,0x40,0x42,0x00,0x81,0x00,0x09,0x01,0x04,0x02,0x24,
  0x04,0x10,0x08,0x90,0x10,0x40,0x20,0xC0,0x81,0x80,0x00,0x00,0x00,0x00,0x79,0x47,0x59,0xED,0xD1,0xF9,
  0x80,0x00,0x0D,0x01,0x0C,0x06,0x18,0x14,0x18,0x20,0x10,0x10,0x60,0x20,0x80,0x41,0x80,0x80,0x00,0x03,
  0x01,0x0A,0x02,0x08,0x04,0x18,0x08,0x50,0x10,0x40,0x00,0x41,0xC0,0x80,0x80,0x00,0x03,0x01,0x06,0x02,
  0x04,0x04,0x08,0x10,0x30,0x10,0xA0,0x20,0x80,0x40,0x80,0x81,0x00,0x05,0x01,0x04,0x02,0x10,0x04,0x20,
  0x08,0x20,0x10,0x20,0x20,0x80,0x40,0x80,0x80,0x00,0x02,0x01,0x04,0x04,0x10,0x08,0x10,0x08,0x20,0x10,
  0xC0,0x20,0x00,0x00,0x00,0x79,0x50,0x53,0xED,0xD1,0xF9,0x80,0x00,0x06,0x01,0x0C,0x02,0x14,0x04,0x60,
  0x08,0x40,0x40,0x20,0x00,0xC1,0x40,0x80,0x81,0x00,0x07,0x01,0x08,0x02,0x1C,0x08,0x10,0x08,0x70,0x20,
  0x20,0x20,0x40,0x80,0x81,0x80,0x00,0x01,0x01,0x04,0x04,0x10,0x04,0x18,0x08,0x10,0x10,0x20,0x20,0x00,
  0x41,0x80,0x81,0x00,0x03,0x01,0x08,0x02,0x0C,0x04,0x18,0x08,0x40,0x10,0x60,0x20,0xC0,0x80,0x81,0x81,
  0x00,0x03,0x01,0x08,0x02,0x04,0x00,0x00,0x00,0x00,0x79,0x8B,0x53,0xED,0xD1,0xF9,0x80,0x00,0x0D,0x01,
  0x04,0x0E,0x20,0x04,0x08,0x08,0x30,0x40,0x60,0x20,0x40,0x40,0x00,0x83,0x00,0x01,0x07,0x06,0x02,0x08,
  0x04,0x08,0x08,0x10,0x10,0x20,0x20,0xC0,0x40,0x00,0x81,0x00,0x01,0x01,0x02,0x02,0x04,0x04,0x10,0x18,
  0x10,0x70,0x20,0x20,0x40,0x40,0x80,0x80,0x00,0x03,0x01,0x0C,0x02,0x14,0x04,0x30,0x08,0x20,0x70,0x60,
  0x20,0x40,0x41,0x00,0x83,0x00,0x05,0x01,0x0C,0x02,0x04,0x24,0x00,0x00,0x00,0x79,0x98,0x57,0xED,0xD1,
  0xF9,0x80,0x00,0x05,0x01,0x0E,0x02,0x14,0x04,0x48,0x38,0x10,0x40,0x40,0x20,0xC0,0x40,0x80,0x82,0x00,
  0x03,0x01,0x02,0x02,0x14,0x04,0x08,0x48,0x20,0x10,0x20,0x20,0xC0,0x41,0x80,0x80,0x01,0x04,0x01,0x08,
  0x02,0x04,0x04,0x08,0x40,0x30,0x10,0x40,0x20,0x80,0x40,0x00,0x81,0x00,0x03,0x01,0x04,0x02,0x08,0x04,
  0x10,0x08,0x30,0x10,0x40,0x20,0x80,0x40,0x80,0x00,0x01,0x03,0x01,0x0A,0x02,0x18,0x04,0x28,0x08,0x40,
  0x00,0x00,0x00,0x00,0x79,0xB4,0x5D,0xED,0xD1,0xF9,0x80,0x00,0x06,0x01,0x0C,0x02,0x10,0x04,0x08,0x08,
  0x90,0x10,0x60,0x20,0x80,0x00,0x81,0x80,0x00,0x01,0x03,0x02,0x04,0x0C,0x04,0x58,0x08,0x20,0x70,0x60,
  0x40,0x40,0x40,0x80,0x80,0x00,0x01,0x01,0x02,0x02,0x08,0x08,0x08,0x40,0x10,0x10,0x20,0x20,0x00,0x43,
  0x00,0x81,0x03,0x03,0x01,0x04,0x02,0x04,0x04,0x08,0x08,0x10,0x10,0x60,0x20,0x80,0xC0,0x81,0x81,0x00,
  0x02,0x01,0x02,0x02,0x04,0x04,0x08,0x08,0x30,0x10,0x40,0x20,0x00,0x81,0x80,0x00,0x00,0x00,0x00,0x7A,
  0x0A,0x60,0xED,0xD1,0xF9,0x81,0x00,0x02,0x01,0x06,0x02,0x08,0x0C,0x20,0x08,0x10,0x10,0xA0,0x20,0x80,
  0xC0,0x81,0x81,0x00,0x05,0x01,0x04,0x02,0x04,0x10,0x20,0x08,0x20,0x10,0x60,0x20,0x80,0xC0,0x81,0x81,
  0x00,0x02,0x01,0x04,0x02,0x14,0x0C,0x08,0x08,0x20,0x10,0xA0,0x40,0x40,0x80,0x82,0x80,0x00,0x04,0x02,
  0x06,0x02,0x08,0x04,0x18,0x08,0x10,0x10,0x60,0x20,0x80,0x40,0x00,0x81,0x00,0x02,0x01,0x06,0x02,0x08,
  0x04,0x08,0x08,0x30,0x10,0x20,0x40,0xC0,0x40,0x80,0x82,0x00,0x04,0x00,0x00,0x00,0x00,0x7A,0x9E,0x3B,
  0xED,0xD1,0xF9,0x82,0x00,0x0D,0x01,0x0C,0x1C,0x08,0x04,0x28,0x08,0x20,0x10,0x40,0x20,0x80,0x40,0x00,
  0x82,0x00,0x06,0x06,0x0C,0x02,0x10,0x04,0x48,0x08,0x90,0x30,0x40,0x80,0x00,0x41,0x80,0x83,0x00,0x04,
  0x04,0x02,0x08,0x10,0x04,0x38,0x08,0x40,0x90,0x80,0x20,0xC0,0x41,0x00,0x01,0x00,0x00,0x00,0x7D,0x6A,
  0x64,0xED,0xD1,0x79,0x81,0x00,0x0C,0x01,0x06,0x0E,0x04,0x04,0x10,0x08,0x10,0x10,0xA0,0x20,0x40,0x40,
  0x00,0x81,0x00,0x01,0x01,0x04,0x02,0x08,0x14,0x10,0x08,0x20,0x10,0x40,0x20,0xC0,0x40,0x00,0x81,0x03,
  0x02,0x01,0x06,0x02,0x08,0x04,0x10,0x08,0x10,0x10,0x40,0x20,0x40,0x40,0x00,0x81,0x00,0x02,0x06,0x02,
  0x02,0x04,0x04,0x08,0x08,0x10,0x10,0x80,0x20,0x40,0x80,0x80,0x01,0x01,0x06,0x01,0x0A,0x04,0x04,0x04,
  0x08,0x08,0x10,0x10,0xA0,0x40,0x40,0x40,0x80,0x80,0x00,0x01,0x08,0x0A,0x02,0x14,0x04,0x00,0x00,0x00,
  0x7E,0x32,0x5D,0xED,0xD1,0x79,0x81,0x00,0x0C,0x01,0x04,0x0E,0x08,0x04,0x18,0x08,0x20,0x10,0x40,0x20,
  0x80,0x40,0x80,0x80,0x00,0x01,0x07,0x02,0x08,0x04,0x04,0x10,0x08,0x20,0x10,0x60,0x20,0x80,0xC0,0x81,
  0x81,0x00,0x04,0x01,0x0C,0x02,0x04,0x04,0x10,0x08,0x30,0x10,0x40,0x80,0x80,0x00,0x01,0x83,0x00,0x03,
  0x01,0x06,0x02,0x18,0x24,0x08,0x08,0x10,0x10,0x60,0x20,0x00,0x41,0x80,0x80,0x00,0x03,0x01,0x02,0x02,
  0x04,0x04,0x10,0x08,0x40,0x10,0x20,0x40,0x80,0x40,0x80,0x00,0x00,0x00,0x00,0x7E,0x58,0x68,0xED,0xD1,
  0x79,0x81,0x00,0x04,0x05,0x06,0x02,0x14,0x04,0x08,0x08,0x30,0x10,0x40,0x20,0x00,0x41,0x00,0x82,0x00,
  0x02,0x01,0x02,0x16,0x0C,0x04,0x08,0x08,0x20,0x10,0x60,0x20,0x80,0x40,0x00,0x81,0x00,0x01,0x01,0x06,
  0x02,0x14,0x08,0x20,0x08,0x20,0x10,0x20,0x80,0x41,0x40,0x80,0x80,0x00,0x01,0x01,0x02,0x02,0x10,0x04,
  0x08,0x10,0x30,0x20,0xC0,0x20,0x40,0xC0,0x80,0x00,0x01,0x01,0x01,0x02,0x02,0x04,0x04,0x08,0x08,0x10,
  0x10,0x20,0x40,0x40,0x40,0x80,0x80,0x00,0x01,0x01,0x02,0x06,0x04,0x08,0x28,0x08,0x40,0x20,0x00,0x00,
  0x00,0x7E,0x7B,0x60,0xED,0xD1,0x79,0x81,0x00,0x03,0x07,0x04,0x02,0x18,0x04,0x20,0x08,0x20,0x10,0x20,
  0xE0,0x40,0x40,0x00,0x81,0x00,0x01,0x01,0x04,0x02,0x08,0x14,0x18,0x08,0x10,0x10,0x20,0x20,0x00,0x41,
  0x80,0x82,0x00,0x05,0x01,0x06,0x04,0x04,0x04,0x08,0x10,0x10,0x10,0x40,0x20,0x00,0x42,0x81,0x80,0x03,
  0x04,0x01,0x08,0x02,0x24,0x20,0x08,0x08,0x10,0x10,0x20,0x20,0x40,0x40,0x80,0x80,0x00,0x01,0x02,0x02,
  0x02,0x04,0x04,0x08,0x08,0x10,0x10,0x20,0x20,0x40,0x80,0x80,0x82,0x00,0x04,0x02,0x00,0x00,0x00,0x7E,
  0x86,0x5B,0xED,0xD1,0x79,0x81,0x00,0x03,0x07,0x04,0x02,0x0C,0x04,0x10,0x08,0x20,0x10,0x20,0x20,0x80,
  0x40,0x80,0x00,0x01,0x01,0x01,0x02,0x04,0x04,0x04,0x10,0x08,0x10,0x10,0x20,0x60,0x40,0x40,0x01,0x81,
  0x03,0x03,0x01,0x0A,0x02,0x14,0x04,0x18,0x38,0x10,0x10,0x40,0x20,0x00,0x41,0x80,0x81,0x06,0x04,0x01,
  0x02,0x02,0x04,0x04,0x08,0x08,0x10,0x10,0x20,0x21,0xC0,0x40,0x80,0x80,0x00,0x01,0x01,0x02,0x10,0x04,
  0x04,0x08,0x08,0x40,0x10,0x60,0x20,0x00,0x01,0x02,0x00,0x00,0x7E,0x8D,0x4A,0xEB,0xD2,0xF9,0x80,0x04,
  0x02,0x01,0x06,0x02,0x0C,0x04,0x08,0x60,0x10,0x10,0x20,0x20,0x40,0x40,0x80,0x80,0x00,0x01,0x06,0x02,
  0x0C,0x04,0x04,0x08,0x08,0x10,0x10,0x20,0x20,0x40,0x80,0x81,0x80,0x02,0x03,0x01,0x06,0x02,0x10,0x18,
  0x40,0x08,0x40,0x10,0x20,0x60,0x41,0x41,0x00,0x82,0x00,0x01,0x01,0x06,0x02,0x08,0x04,0x10,0x08,0x20,
  0x30,0x60,0x20,0x40,0x00,0x00,0x00,0x00,0x7F,0x0A,0x5D,0xED,0xD1,0x79,0x81,0x00,0x03,0x05,0x08,0x02,
  0x0C,0x04,0x18,0x08,0x30,0x10,0x80,0x20,0xC0,0x40,0x00,0x81,0x00,0x02,0x01,0x04,0x0A,0x08,0x10,0x10,
  0x08,0x30,0x10,0x80,0x20,0xC0,0x40,0x80,0x81,0x00,0x03,0x01,0x08,0x0A,0x08,0x04,0x60,0x20,0x10,0x70,
  0xC0,0x20,0x40,0x40,0x80,0x80,0x00,0x01,0x01,0x0C,0x02,0x04,0x04,0x08,0x08,0x10,0x10,0x60,0x40,0x40,
  0x40,0x80,0x80,0x00,0x01,0x01,0x02,0x02,0x04,0x08,0x18,0x08,0x10,0x10,0x20,0x20,0x40,0x40,0x80,0x82,
  0x04,0x00,0x00,0x7F,0x52,0x15,0x4B,0xF2,0x7A,0x00,0x06,0x02,0x01,0x06,0x02,0x08,0x08,0x10,0x08,0x30,
  0x10,0x40,0x80,0x01,0x00,0x00,0x7F,0x91,0x33,0xED,0xD1,0xF9,0x81,0x00,0x05,0x01,0x0E,0x02,0x0C,0x04,
  0x28,0x58,0x70,0x10,0x00,0x41,0xC1,0x41,0x00,0x83,0x06,0x05,0x01,0x16,0x0C,0x18,0x04,0x20,0x08,0x50,
  0x20,0x80,0x20,0x80,0x82,0x80,0x80,0x00,0x07,0x02,0x08,0x04,0x08,0x0C,0x40,0x10,0x00,0x00,0x00,0x7F,
  0xDA,0x3B,0xED,0xD1,0x79,0x00,0x03,0x01,0x06,0x02,0x02,0x0C,0x04,0x10,0x08,0x30,0x10,0x40,0x40,0x40,
  0x40,0x80,0x01,0x01,0x01,0x03,0x06,0x02,0x04,0x08,0x18,0x08,0xD0,0xE0,0x80,0x20,0x80,0x41,0x80,0x80,
  0x05,0x04,0x01,0x04,0x02,0x20,0x24,0x40,0x08,0x60,0xD0,0xC0,0x20,0x00,0x43,0x00,0x03,0x00,0x00,0x00,
  0x80,0xF7,0x46,0xEC,0xD1,0xF9,0x81,0x00,0x0A,0x0A,0x02,0x02,0x08,0x04,0x10,0x08,0x30,0x20,0x20,0x20,
  0x80,0x80,0x00,0x81,0x00,0x01,0x01,0x04,0x02,0x04,0x04,0x10,0x08,0x10,0x10,0x20,0x20,0x80,0x00,0x82,
  0x80,0x00,0x0A,0x02,0x04,0x12,0x0C,0x04,0x38,0x08,0x30,0x90,0x60,0x20,0xC0,0x41,0x80,0x81,0x04,0x03,
  0x01,0x0E,0x02,0x0C,0x04,0x28,0x18,0x10,0x00,0x00,0x00,0x00,0x81,0x22,0x66,0xED,0xD1,0xF9,0x83,0x00,
  0x06,0x04,0x04,0x02,0x18,0x04,0x10,0x08,0x20,0x60,0x20,0x20,0x80,0x40,0x80,0x80,0x00,0x07,0x01,0x04,
  0x04,0x04,0x14,0x10,0x20,0x20,0x20,0x40,0x20,0x80,0x40,0x00,0x81,0x00,0x02,0x01,0x02,0x02,0x04,0x04,
  0x10,0x08,0x20,0x90,0x20,0x80,0x80,0x40,0x80,0x81,0x00,0x02,0x01,0x04,0x02,0x04,0x04,0x08,0x08,0x20,
  0x10,0x40,0x20,0x80,0x40,0x80,0x80,0x00,0x02,0x01,0x02,0x02,0x08,0x04,0x10,0x08,0x10,0x70,0x20,0x20,
  0x80,0x40,0x00,0x83,0x00,0x01,0x01,0x04,0x04,0x10,0x08,0x10,0x00,0x00,0x00,0x00,0x81,0x24,0x6E,0xDD,
  0xD1,0xF9,0x00,0x02,0x01,0x07,0x02,0x02,0x08,0x04,0x08,0x08,0x70,0x10,0x40,0x20,0x40,0x40,0x80,0x83,
  0x00,0x02,0x01,0x02,0x02,0x04,0x10,0x10,0x20,0x10,0x10,0xE0,0x20,0x80,0x40,0x80,0x80,0x00,0x07,0x01,
  0x04,0x02,0x04,0x1C,0x08,0x20,0x10,0x10,0x20,0x20,0x40,0x40,0x80,0x81,0x00,0x02,0x01,0x02,0x02,0x04,
  0x04,0x08,0x08,0x10,0x10,0x20,0x20,0x80,0x40,0x80,0x80,0x00,0x01,0x01,0x02,0x04,0x08,0x04,0x10,0x08,
  0x10,0x10,0x20,0x20,0x80,0x40,0x00,0x81,0x00,0x02,0x01,0x02,0x02,0x04,0x08,0x08,0x08,0x10,0x10,0x40,
  0x60,0x80,0x40,0x80,0x81,0x00,0x00,0x00,0x81,0x28,0x68,0xED,0xD1,0xF9,0x84,0x00,0x04,0x04,0x08,0x02,
  0x10,0x04,0x10,0x08,0x10,0x70,0x20,0x20,0x80,0x40,0x00,0x82,0x00,0x04,0x01,0x04,0x02,0x10,0x04,0x20,
  0x20,0x10,0x70,0x20,0x20,0x80,0x40,0x80,0x80,0x00,0x02,0x01,0x04,0x02,0x04,0x04,0x10,0x08,0x10,0x10,
  0x40,0x20,0x80,0x40,0x80,0x00,0x02,0x01,0x07,0x02,0x02,0x08,0x04,0x18,0x18,0x30,0x10,0x40,0x20,0x80,
  0x40,0x80,0x80,0x00,0x01,0x01,0x04,0x02,0x08,0x04,0x08,0x08,0x20,0x10,0x40,0x20,0x40,0x40,0x00,0x01,
  0x01,0x03,0x01,0x06,0x02,0x08,0x08,0x20,0x08,0x30,0x00,0x00,0x00,0x00,0x81,0x89,0x71,0xED,0xD1,0xF9,
  0x82,0x00,0x05,0x01,0x04,0x06,0x08,0x04,0x18,0x08,0x30,0x10,0x20,0x20,0x80,0x42,0x80,0x80,0x00,0x01,
  0x08,0x02,0x02,0x04,0x04,0x50,0x18,0x20,0x10,0x60,0x20,0xC0,0x40,0x80,0x80,0x00,0x01,0x01,0x0A,0x02,
  0x08,0x04,0x08,0x10,0x70,0x10,0x20,0x60,0x40,0xC0,0x01,0x81,0x00,0x01,0x01,0x02,0x02,0x04,0x04,0x08,
  0x08,0x10,0x10,0x40,0x20,0x40,0x40,0x80,0x80,0x00,0x01,0x01,0x02,0x02,0x04,0x04,0x10,0x08,0x10,0x10,
  0x20,0x20,0x40,0x40,0x80,0x80,0x00,0x01,0x01,0x04,0x02,0x04,0x04,0x08,0x08,0x10,0x10,0x20,0x20,0x40,
  0x40,0x80,0x80,0x00,0x01,0x0B,0x00,0x00,0x00,0x81,0xB4,0x82,0xED,0xD1,0xF9,0x82,0x00,0x08,0x03,0x02,
  0x10,0x04,0x04,0x08,0x18,0x10,0x10,0x20,0x20,0x40,0x40,0x00,0x81,0x00,0x01,0x01,0x02,0x02,0x04,0x04,
  0x08,0x08,0x10,0x10,0x40,0x20,0x40,0x40,0x80,0x80,0x00,0x01,0x01,0x02,0x02,0x04,0x04,0x10,0x60,0x10,
  0x10,0x20,0x20,0x40,0x40,0x80,0x80,0x00,0x01,0x01,0x02,0x02,0x08,0x04,0x08,0x08,0x10,0x10,0x20,0x20,
  0x40,0x40,0x80,0x80,0x00,0x02,0x03,0x02,0x02,0x04,0x04,0x08,0x08,0x10,0x10,0x40,0x20,0x40,0x80,0x82,
  0x80,0x00,0x01,0x01,0x14,0x02,0x04,0x04,0x08,0x08,0x10,0x10,0x20,0x20,0x40,0x40,0x00,0x81,0x00,0x01,
  0x01,0x02,0x02,0x08,0x04,0x08,0x08,0x10,0x20,0x20,0x60,0xC0,0x40,0x80,0x80,0x00,0x01,0x01,0x00,0x00,
  0x00,0x81,0xD8,0x8A,0xED,0xD1,0x79,0x83,0x00,0x02,0x01,0x04,0x02,0x04,0x0C,0x08,0x08,0x20,0x10,0x40,
  0x20,0x80,0x40,0x80,0x80,0x00,0x02,0x01,0x04,0x02,0x08,0x04,0x08,0x08,0x10,0x10,0x20,0x00,0x41,0x40,
  0x80,0x80,0x00,0x01,0x01,0x02,0x02,0x08,0x04,0x08,0x08,0x10,0x30,0x20,0x20,0x80,0x80,0x00,0x81,0x00,
  0x01,0x01,0x02,0x02,0x04,0x04,0x08,0x08,0x20,0x10,0x20,0x20,0x40,0x40,0x80,0x80,0x00,0x01,0x08,0x02,
  0x06,0x04,0x04,0x10,0x08,0x20,0x10,0x40,0x20,0x40,0x40,0x80,0x00,0x01,0x01,0x02,0x02,0x02,0x08,0x04,
  0x08,0x08,0x10,0x10,0x40,0x20,0x80,0x40,0x00,0x81,0x00,0x01,0x01,0x02,0x04,0x04,0x08,0x08,0x08,0x20,
  0x10,0x20,0x20,0x40,0x40,0x00,0x81,0x00,0x02,0x03,0x02,0x04,0x04,0x08,0x08,0x10,0x20,0x10,0x00,0x00,
  0x00,0x81,0xDE,0x75,0xED,0xD1,0xF9,0x82,0x01,0x01,0x03,0x04,0x06,0x04,0x04,0x08,0x08,0x10,0x10,0x20,
  0x20,0x80,0x40,0x80,0x80,0x00,0x01,0x03,0x02,0x06,0x08,0x04,0x08,0x08,0x10,0x10,0x20,0x20,0x40,0x40,
  0x80,0x80,0x00,0x02,0x01,0x02,0x02,0x04,0x0C,0x08,0x18,0x20,0x30,0x20,0x20,0x40,0x40,0x80,0x80,0x00,
  0x01,0x01,0x04,0x02,0x04,0x04,0x08,0x18,0x10,0x30,0x40,0x20,0x40,0x40,0x00,0x81,0x00,0x01,0x01,0x0A,
  0x06,0x04,0x1C,0x10,0x08,0x10,0x30,0x40,0x20,0x40,0x41,0x80,0x80,0x00,0x01,0x06,0x06,0x02,0x04,0x04,
  0x08,0x08,0x20,0x10,0xA0,0x20,0x40,0x40,0x80,0x80,0x04,0x01,0x02,0x02,0x02,0x1C,0x00,0x00,0x00,0x00,
  0x81,0xE8,0x60,0xED,0xD1,0xF9,0x83,0x00,0x05,0x06,0x02,0x02,0x14,0x04,0x10,0x08,0x30,0x70,0x40,0x20,
  0x80,0x40,0x00,0x83,0x00,0x02,0x01,0x02,0x02,0x04,0x14,0x08,0x30,0x10,0x10,0x60,0x20,0x40,0x40,0x00,
  0x82,0x00,0x01,0x01,0x06,0x02,0x04,0x04,0x20,0x08,0x10,0x50,0x20,0xC0,0xC0,0x41,0x00,0x81,0x00,0x02,
  0x03,0x02,0x08,0x08,0x04,0x10,0x08,0x10,0x10,0x20,0x20,0x40,0x80,0x00,0x81,0x00,0x02,0x01,0x02,0x02,
  0x04,0x04,0x08,0x50,0x10,0x30,0xC0,0x20,0x40,0x40,0x80,0x80,0x00,0x01,0x01,0x00,0x00,0x00,0x81,0xF2,
  0x6A,0xED,0xD1,0xF9,0x81,0x00,0x04,0x01,0x0A,0x0A,0x08,0x14,0x08,0x08,0x30,0x10,0x20,0x20,0x00,0x41,
  0x80,0x00,0x03,0x04,0x01,0x04,0x02,0x0C,0x04,0x08,0x30,0x10,0x50,0x20,0x20,0x80,0x41,0x80,0x81,0x00,
  0x01,0x01,0x02,0x08,0x04,0x14,0x08,0x08,0x10,0x10,0x40,0x20,0xC0,0x40,0x80,0x81,0x00,0x01,0x01,0x04,
  0x0E,0x04,0x04,0x08,0x08,0x20,0x10,0x40,0x60,0x80,0x40,0x80,0x80,0x00,0x01,0x02,0x02,0x02,0x04,0x04,
  0x08,0x08,0x10,0x10,0x20,0x20,0xC0,0x40,0x00,0x81,0x00,0x02,0x01,0x04,0x02,0x08,0x04,0x18,0x08,0x10,
  0x10,0x80,0x60,0x00,0x00,0x00,0x82,0x78,0x73,0xEC,0xD1,0xF9,0x81,0x00,0x05,0x01,0x0A,0x02,0x14,0x04,
  0x18,0x08,0x10,0x10,0x20,0x20,0x40,0x40,0x80,0x80,0x00,0x01,0x01,0x02,0x02,0x04,0x04,0x08,0x08,0x10,
  0x10,0x20,0x20,0x40,0x40,0x80,0x80,0x00,0x01,0x01,0x02,0x02,0x04,0x04,0x08,0x08,0x10,0x10,0x20,0x20,
  0x40,0x40,0x80,0x80,0x00,0x01,0x01,0x02,0x02,0x04,0x04,0x08,0x08,0x10,0x10,0x20,0x20,0x40,0x40,0x80,
  0x80,0x00,0x01,0x01,0x02,0x0A,0x04,0x14,0x18,0x08,0x10,0x10,0x60,0x20,0x40,0x40,0x80,0x81,0x00,0x05,
  0x01,0x08,0x02,0x18,0x04,0x20,0x08,0x60,0x10,0x60,0x20,0xC0,0x41,0x00,0x81,0x00,0x08,0x01,0x04,0x00,
  0x00,0x00,0x00,0x82,0x83,0x42,0xED,0xD1,0x79,0x82,0x00,0x03,0x01,0x10,0x02,0x0C,0x04,0x20,0x68,0x40,
  0x10,0x60,0x20,0x00,0x42,0x80,0x81,0x00,0x14,0x07,0x0C,0x02,0x14,0x04,0x30,0x08,0x50,0x10,0xC0,0x20,
  0x40,0x40,0x80,0x81,0x00,0x06,0x01,0x04,0x02,0x08,0x04,0x30,0x08,0x20,0x10,0x40,0x20,0x80,0x40,0x00,
  0x81,0x00,0x06,0x01,0x04,0x06,0x20,0x0C,0x00,0x00,0x00,0x82,0xA3,0x39,0xED,0xD1,0xF9,0x81,0x00,0x05,
  0x01,0x0C,0x02,0x14,0x04,0x18,0x68,0x30,0x10,0xA0,0x20,0x80,0x41,0x80,0x82,0x00,0x11,0x0B,0x0E,0x02,
  0x2C,0x08,0x50,0x08,0x10,0x10,0x20,0x40,0x40,0x81,0x00,0x81,0x00,0x03,0x02,0x02,0x04,0x10,0x04,0x28,
  0x08,0x60,0x10,0x80,0x21,0x80,0x01,0x00,0x00,0x00,0x82,0xE2,0x33,0xED,0xD1,0xF9,0x81,0x00,0x05,0x01,
  0x06,0x1A,0x0C,0x04,0x28,0x08,0x20,0x91,0x80,0x20,0xC0,0x41,0x00,0x82,0x00,0x07,0x01,0x08,0x12,0x10,
  0x04,0x60,0x50,0x30,0x10,0x00,0x21,0xC0,0x40,0x00,0x84,0x00,0x03,0x0A,0x06,0x02,0x20,0x04,0x08,0x00,
  0x00,0x00,0x00,0x83,0x00,0x46,0xED,0xD1,0xF9,0x81,0x00,0x05,0x01,0x0C,0x02,0x14,0x04,0x18,0x68,0x30,
  0x10,0xA0,0x20,0xC0,0x41,0x00,0x81,0x00,0x06,0x0A,0x0C,0x02,0x08,0x04,0x10,0x08,0x30,0xA0,0x60,0x20,
  0x80,0x40,0x00,0x81,0x00,0x06,0x0B,0x08,0x02,0x0C,0x04,0x18,0x08,0x40,0x10,0x60,0x20,0xC0,0x40,0x80,
  0x81,0x00,0x04,0x01,0x02,0x04,0x0C,0x04,0x28,0x08,0x50,0x00,0x00,0x00,0x00,0x83,0x3B,0x73,0xEC,0xD1,
  0xF9,0x81,0x00,0x05,0x01,0x06,0x02,0x04,0x04,0x08,0x08,0x10,0x10,0x20,0x20,0x40,0x40,0x80,0x80,0x00,
  0x01,0x01,0x02,0x02,0x04,0x04,0x08,0x08,0x10,0x10,0x20,0xA0,0x40,0x40,0x01,0x81,0x00,0x06,0x01,0x06,
  0x02,0x28,0x04,0x10,0x08,0x50,0x10,0x60,0x20,0x40,0x40,0x80,0x80,0x00,0x01,0x01,0x02,0x02,0x04,0x04,
  0x08,0x08,0x10,0x10,0x20,0x20,0x40,0x40,0x80,0x80,0x00,0x01,0x01,0x02,0x02,0x04,0x04,0x08,0x08,0x10,
  0x10,0x20,0x20,0x40,0x40,0x80,0x80,0x02,0x01,0x05,0x04,0x02,0x08,0x04,0x18,0x08,0x10,0x10,0x20,0x20,
  0xC0,0x41,0x00,0x81,0x00,0x08,0x01,0x04,0x00,0x00,0x00,0x00,0x83,0xD1,0x4A,0xED,0xD1,0x79,0x82,0x00,
  0x03,0x01,0x08,0x1A,0x10,0x04,0x18,0x08,0x70,0x10,0x60,0x20,0xC0,0x40,0x80,0x81,0x00,0x03,0x01,0x06,
  0x02,0x0C,0x04,0x18,0x08,0x30,0x10,0xA0,0x20,0xC0,0x40,0x80,0x81,0x00,0x05,0x01,0x06,0x02,0x0C,0x04,
  0x10,0x58,0x20,0x10,0x80,0x20,0x00,0x41,0x00,0x81,0x05,0x02,0x01,0x08,0x02,0x10,0x04,0x10,0x58,0x20,
  0x10,0x20,0x21,0x40,0x00,0x00,0x00,0x00,0x84,0x4B,0x5D,0xED,0xD1,0xF9,0x81,0x00,0x05,0x01,0x06,0x1A,
  0x0C,0x04,0x28,0x08,0xA0,0x10,0xC0,0x80,0x80,0x40,0x00,0x83,0x00,0x02,0x01,0x02,0x0C,0x08,0x04,0x10,
  0x10,0x50,0x10,0x40,0x80,0x40,0x00,0x81,0x80,0x00,0x02,0x01,0x04,0x02,0x04,0x04,0x10,0x08,0x10,0x10,
  0x40,0x80,0x40,0x40,0x00,0x81,0x00,0x01,0x01,0x04,0x02,0x08,0x04,0x08,0x20,0x10,0x10,0x40,0x20,0x80,
  0x40,0x80,0x80,0x00,0x04,0x01,0x04,0x02,0x08,0x04,0x30,0x08,0x10,0x10,0x40,0x40,0x00,0x81,0x00,0x01,
  0x00,0x00,0x00,0x84,0x90,0x3E,0xED,0xD1,0xF9,0x81,0x00,0x05,0x01,0x06,0x1A,0x0C,0x04,0x28,0x08,0x70,
  0x10,0x60,0x21,0x80,0x82,0x82,0x81,0x00,0x04,0x01,0x06,0x02,0x0C,0x28,0x18,0x08,0x30,0x10,0x80,0x20,
  0xC0,0x80,0x02,0x83,0x00,0x02,0x01,0x02,0x02,0x04,0x04,0x20,0x08,0x30,0x50,0x60,0x20,0x00,0x41,0x00,
  0x82,0x01,0x06,0x05,0x00,0x00,0x00,0x84,0xCF,0x84,0xED,0xD1,0xF9,0x81,0x00,0x05,0x01,0x06,0x1A,0x0C,
  0x04,0x28,0x08,0x70,0x30,0x60,0x60,0x40,0xC0,0x80,0x81,0x01,0x01,0x01,0x04,0x02,0x04,0x04,0x18,0x08,
  0x10,0x10,0x20,0x20,0x80,0x40,0x80,0x80,0x00,0x03,0x01,0x02,0x02,0x04,0x04,0x10,0x08,0x10,0x20,0x40,
  0x20,0x40,0x40,0x80,0x80,0x00,0x02,0x01,0x02,0x02,0x04,0x04,0x08,0x08,0x10,0x10,0x20,0x20,0x80,0x40,
  0x80,0x80,0x00,0x01,0x01,0x02,0x02,0x04,0x04,0x08,0x08,0x20,0x10,0x20,0x20,0x40,0x40,0x80,0x80,0x00,
  0x01,0x01,0x04,0x02,0x04,0x04,0x08,0x08,0x30,0x10,0x20,0x20,0x80,0x40,0x80,0x80,0x00,0x01,0x01,0x02,
  0x02,0x04,0x04,0x08,0x08,0x10,0x10,0x20,0x20,0x80,0x80,0x80,0x80,0x00,0x02,0x02,0x02,0x02,0x00,0x00,
  0x00,0x85,0x00,0x53,0xED,0xD1,0x79,0x82,0x00,0x03,0x01,0x08,0x1A,0x10,0x04,0x18,0x08,0x60,0x10,0xA0,
  0x21,0x00,0x01,0x01,0x81,0x02,0x02,0x01,0x04,0x02,0x08,0x04,0x18,0x08,0x20,0x10,0x40,0x20,0xC0,0x40,
  0x80,0x80,0x00,0x03,0x01,0x02,0x02,0x08,0x1C,0x08,0x08,0x10,0x10,0x40,0x21,0x80,0x40,0x00,0x81,0x02,
  0x02,0x01,0x04,0x02,0x08,0x04,0x18,0x08,0x20,0x30,0x60,0xA0,0x80,0x40,0x80,0x82,0x00,0x03,0x01,0x04,
  0x02,0x10,0x00,0x00,0x00,0x00,0x85,0xDF,0x42,0xED,0xD1,0x79,0x82,0x00,0x03,0x01,0x08,0x1A,0x10,0x04,
  0x18,0x08,0x60,0x90,0x80,0x20,0xC0,0x40,0x80,0x81,0x00,0x04,0x09,0x08,0x02,0x0C,0x04,0x18,0x08,0x40,
  0x90,0xE0,0xC1,0x40,0xC0,0x01,0x81,0x00,0x01,0x01,0x02,0x02,0x04,0x04,0x10,0x38,0x10,0x70,0x40,0x20,
  0x40,0x40,0x80,0x80,0x00,0x01,0x01,0x04,0x0E,0x04,0x18,0x00,0x00,0x00,0x86,0x69,0x68,0xED,0xD1,0x79,
  0x81,0x00,0x06,0x01,0x06,0x02,0x04,0x04,0x08,0x08,0x40,0x40,0x20,0x60,0x40,0x41,0x80,0x82,0x00,0x03,
  0x0C,0x02,0x02,0x08,0x04,0x10,0x10,0x30,0x10,0x20,0x20,0x80,0xC0,0x80,0x80,0x02,0x01,0x04,0x06,0x02,
  0x0C,0x04,0x08,0x08,0x20,0x10,0x40,0xC0,0x40,0x40,0x80,0x81,0x01,0x02,0x01,0x06,0x02,0x1C,0x0C,0x10,
  0x08,0x10,0x30,0x40,0x20,0x40,0x40,0x80,0x80,0x00,0x01,0x01,0x02,0x02,0x04,0x04,0x08,0x08,0x20,0x10,
  0x60,0x20,0x40,0x40,0x80,0x80,0x00,0x01,0x01,0x02,0x04,0x08,0x04,0x08,0x08,0x30,0x20,0x00,0x00,0x00,
  0x88,0x4E,0x51,0xED,0xD1,0x79,0x81,0x00,0x0B,0x01,0x04,0x0A,0x04,0x10,0x28,0x08,0xC0,0x10,0x00,0x21,
  0xC0,0x40,0x80,0x83,0x00,0x04,0x01,0x06,0x0A,0x08,0x14,0x10,0x08,0x20,0x10,0x80,0x20,0x00,0x41,0x00,
  0x81,0x00,0x04,0x01,0x08,0x02,0x08,0x04,0x20,0x08,0x40,0x10,0x40,0x20,0x00,0x41,0x00,0x82,0x00,0x02,
  0x01,0x08,0x02,0x10,0x04,0x10,0x08,0x40,0x10,0x80,0x20,0x80,0x40,0x00,0x82,0x00,0x03,0x02,0x02,0x00,
  0x00,0x00,0x00,0x88,0x5B,0x57,0xED,0xD1,0x79,0x81,0x00,0x03,0x01,0x0E,0x02,0x08,0x14,0x08,0x20,0x40,
  0x10,0x40,0x20,0xC0,0xC1,0x81,0x82,0x00,0x0B,0x01,0x04,0x0A,0x04,0x14,0x10,0x08,0x30,0x10,0x40,0x20,
  0x80,0x40,0x00,0x81,0x02,0x02,0x01,0x04,0x02,0x10,0x04,0x20,0x08,0x20,0x10,0x40,0xA0,0x80,0x40,0x00,
  0x81,0x00,0x01,0x01,0x04,0x02,0x10,0x04,0x10,0x08,0x10,0x70,0x20,0x20,0x80,0x40,0x00,0x82,0x00,0x04,
  0x01,0x04,0x02,0x10,0x04,0x18,0x10,0x10,0x00,0x00,0x00,0x00,0x88,0xBD,0x7D,0xED,0xD1,0xF9,0x80,0x00,
  0x05,0x01,0x0E,0x02,0x10,0x04,0x60,0x08,0x20,0x70,0x20,0x80,0x40,0x40,0x80,0x80,0x00,0x03,0x01,0x04,
  0x02,0x04,0x04,0x08,0x08,0x10,0x10,0x40,0x20,0xC0,0x40,0x80,0x80,0x00,0x01,0x01,0x02,0x02,0x08,0x04,
  0x08,0x08,0x10,0x10,0x20,0x20,0x40,0x40,0x80,0x80,0x00,0x01,0x03,0x04,0x02,0x04,0x04,0x08,0x08,0x10,
  0x20,0x20,0x20,0x40,0x80,0x00,0x81,0x00,0x01,0x01,0x02,0x02,0x08,0x04,0x18,0x08,0x10,0x10,0x20,0x20,
  0x40,0x40,0x00,0x81,0x00,0x04,0x01,0x04,0x02,0x04,0x04,0x10,0x08,0x30,0x10,0x20,0x20,0x40,0xC0,0x00,
  0x81,0x00,0x03,0x01,0x02,0x02,0x04,0x04,0x08,0x08,0x20,0x10,0x40,0x20,0xC0,0x01,0x00,0x00,0x00,0x89,
  0xC0,0x68,0xED,0xD1,0xF9,0x80,0x00,0x03,0x01,0x0E,0x0E,0x04,0x10,0x10,0x08,0x30,0x10,0x40,0x20,0x80,
  0x40,0x80,0x80,0x01,0x01,0x03,0x02,0x02,0x08,0x04,0x08,0x08,0x10,0x10,0x20,0x20,0x40,0x40,0x80,0x00,
  0x02,0x01,0x03,0x02,0x06,0x04,0x04,0x10,0x08,0x30,0x10,0x20,0x20,0xC0,0x40,0x00,0x81,0x00,0x02,0x06,
  0x02,0x08,0x04,0x08,0x10,0x08,0x30,0x10,0x40,0x20,0x80,0x80,0x81,0x80,0x00,0x02,0x01,0x04,0x02,0x08,
  0x04,0x18,0x20,0x20,0x60,0x40,0x40,0xC0,0x40,0x00,0x81,0x00,0x03,0x01,0x02,0x02,0x04,0x04,0x08,0x38,
  0x30,0x20,0x00,0x00,0x00,0x8B,0x90,0x46,0xED,0xD1,0x79,0x81,0x00,0x01,0x01,0x06,0x02,0x04,0x04,0x18,
  0x28,0x10,0x80,0x40,0x20,0x40,0x80,0x00,0x81,0x00,0x03,0x05,0x02,0x0A,0x08,0x04,0x10,0x08,0x20,0x10,
  0x40,0x20,0xC0,0x40,0x81,0x80,0x02,0x02,0x01,0x04,0x02,0x08,0x04,0x10,0x08,0x30,0x50,0x20,0xC0,0x80,
  0x41,0x00,0x83,0x06,0x0F,0x09,0x08,0x02,0x1C,0x04,0x20,0x48,0x20,0x00,0x00,0x00,0x00,0x8C,0x5C,0x66,
  0xDD,0xD1,0x79,0x80,0x02,0x01,0x06,0x06,0x02,0x10,0x04,0x10,0x08,0x30,0x20,0x80,0x20,0x80,0x40,0x00,
  0x81,0x00,0x02,0x01,0x02,0x02,0x04,0x04,0x10,0x08,0x40,0x30,0x40,0x20,0x80,0x40,0x80,0x81,0x00,0x01,
  0x01,0x02,0x12,0x08,0x08,0x10,0x08,0x20,0x10,0x80,0x40,0x40,0x40,0x80,0x80,0x00,0x02,0x01,0x06,0x02,
  0x04,0x04,0x08,0x08,0x10,0x10,0x40,0x20,0x80,0x40,0x00,0x81,0x00,0x03,0x01,0x04,0x02,0x14,0x04,0x18,
  0x08,0x20,0x10,0xA0,0x20,0x80,0x40,0x80,0x81,0x00,0x03,0x02,0x04,0x02,0x10,0x04,0x10,0x00,0x00,0x00,
  0x00,0x8C,0x6E,0x5B,0xED,0xD1,0xF9,0x84,0x00,0x03,0x04,0x04,0x0E,0x04,0x04,0x38,0x08,0x40,0x10,0x40,
  0x20,0x80,0x40,0x80,0x81,0x00,0x01,0x01,0x02,0x04,0x04,0x20,0x10,0x08,0x40,0x10,0x60,0x20,0x80,0x80,
  0x00,0x85,0x00,0x01,0x02,0x04,0x0E,0x08,0x04,0x08,0x08,0x10,0x10,0xA0,0x20,0x40,0x80,0x80,0x81,0x00,
  0x02,0x01,0x04,0x04,0x04,0x04,0x18,0x08,0x20,0x10,0x40,0x20,0x80,0x40,0x80,0x82,0x00,0x01,0x01,0x08,
  0x02,0x10,0x04,0x18,0x08,0x10,0x20,0x80,0x20,0x40,0x41,0x00,0x00,0x00,0x8C,0x75,0x79,0xED,0xD1,0x79,
  0x83,0x00,0x02,0x01,0x02,0x02,0x04,0x10,0x10,0x08,0x20,0x10,0x20,0x20,0x80,0x40,0x80,0x81,0x00,0x03,
  0x01,0x02,0x02,0x08,0x04,0x10,0x08,0x30,0x10,0x20,0x20,0x40,0x80,0x80,0x00,0x01,0x02,0x01,0x02,0x02,
  0x04,0x04,0x08,0x08,0x20,0x10,0x60,0x40,0x80,0x81,0x00,0x01,0x01,0x03,0x01,0x04,0x02,0x04,0x0C,0x08,
  0x08,0x10,0x10,0x20,0x20,0x00,0x41,0x80,0x80,0x00,0x01,0x01,0x02,0x02,0x04,0x04,0x18,0x10,0x30,0x10,
  0x20,0x20,0x40,0x00,0x81,0x80,0x00,0x03,0x01,0x02,0x02,0x04,0x04,0x20,0x08,0x30,0x10,0x20,0x20,0x40,
  0x40,0x00,0x82,0x00,0x03,0x01,0x02,0x06,0x08,0x08,0x20,0x10,0x20,0x30,0x00,0x00,0x00,0x8C,0xD5,0x68,
  0xED,0xD1,0xF9,0x84,0x00,0x01,0x01,0x04,0x08,0x10,0x04,0x10,0x08,0x10,0x10,0x40,0x20,0x00,0x41,0x00,
  0x82,0x00,0x02,0x01,0x02,0x0E,0x04,0x10,0x20,0x08,0x40,0x10,0x40,0x20,0x40,0x40,0x00,0x81,0x00,0x02,
  0x01,0x02,0x02,0x08,0x04,0x10,0x08,0x10,0x10,0x20,0x20,0x80,0x00,0x01,0x02,0x01,0x03,0x01,0x04,0x02,
  0x0C,0x0C,0x18,0x08,0x20,0x10,0x40,0x20,0x40,0x40,0x80,0x80,0x00,0x02,0x04,0x02,0x02,0x08,0x04,0x08,
  0x08,0xA0,0x10,0x40,0x20,0x40,0x40,0x80,0x80,0x00,0x05,0x01,0x06,0x02,0x0C,0x04,0x10,0x18,0x30,0x00,
  0x00,0x00,0x00,0x8C,0xEB,0x3B,0xED,0xD1,0x79,0x83,0x00,0x07,0x0B,0x08,0x02,0x08,0x04,0x10,0x08,0x50,
  0x10,0x20,0x20,0x40,0x40,0x80,0x80,0x00,0x01,0x01,0x04,0x1C,0x2C,0x04,0x10,0x48,0x40,0x10,0xE0,0x20,
  0x00,0x41,0x02,0x82,0x00,0x07,0x01,0x08,0x12,0x10,0x04,0x38,0x08,0x40,0x90,0xA0,0x20,0x40,0x41,0x80,
  0x01,0x00,0x00,0x00,0x8E,0x50,0x6E,0xED,0xD1,0xF9,0x84,0x00,0x04,0x04,0x02,0x02,0x08,0x04,0x10,0x08,
  0x10,0x10,0x40,0x20,0x80,0x40,0x80,0x80,0x00,0x01,0x01,0x04,0x02,0x08,0x04,0x08,0x08,0x10,0x10,0x20,
  0x20,0x40,0x40,0x80,0x80,0x00,0x02,0x01,0x04,0x02,0x0C,0x04,0x10,0x20,0x10,0x10,0xA0,0x20,0xC0,0x40,
  0x80,0x81,0x02,0x02,0x01,0x02,0x02,0x0C,0x04,0x18,0x08,0x20,0x10,0x20,0x60,0x40,0x40,0x01,0x81,0x00,
  0x01,0x01,0x06,0x02,0x0C,0x04,0x10,0x08,0x10,0x10,0x60,0xA0,0x80,0x40,0x80,0x80,0x01,0x01,0x01,0x06,
  0x02,0x04,0x0C,0x20,0x08,0x30,0x10,0x00,0x21,0x80,0x80,0x80,0x00,0x00,0x00,0x00,0x8E,0x5A,0x5D,0xED,
  0xD1,0xF9,0x84,0x00,0x04,0x04,0x02,0x02,0x08,0x04,0x10,0x08,0x10,0x10,0x40,0x20,0x80,0x40,0x80,0x80,
  0x00,0x01,0x01,0x04,0x02,0x08,0x04,0x08,0x38,0x10,0x10,0x40,0x20,0x40,0x40,0x80,0x82,0x00,0x01,0x04,
  0x04,0x0A,0x10,0x04,0x18,0x08,0x30,0x10,0x40,0x20,0x40,0x40,0x80,0x81,0x00,0x03,0x01,0x04,0x02,0x04,
  0x0C,0x08,0x28,0x20,0x10,0x20,0x20,0x40,0x41,0x00,0x82,0x00,0x01,0x01,0x06,0x0A,0x08,0x04,0x08,0x18,
  0x30,0x10,0x60,0x60,0x80,0x41,0x80,0x84,0x03,0x00,0x00,0x8E,0x62,0x6C,0xED,0xD1,0x79,0x84,0x00,0x05,
  0x04,0x08,0x02,0x10,0x04,0x10,0x08,0x10,0x70,0x20,0x20,0x80,0x40,0x00,0x81,0x00,0x03,0x01,0x04,0x02,
  0x08,0x04,0x18,0x08,0x10,0x10,0x60,0x80,0x40,0xC0,0x81,0x81,0x00,0x02,0x01,0x04,0x02,0x08,0x04,0x08,
  0x08,0x10,0x10,0x40,0xE0,0x40,0x40,0x80,0x00,0x01,0x01,0x01,0x04,0x02,0x08,0x04,0x08,0x08,0x10,0x10,
  0x40,0x20,0x40,0xC0,0x80,0x80,0x00,0x01,0x01,0x02,0x02,0x08,0x04,0x08,0x08,0x10,0x10,0x20,0x20,0x40,
  0x40,0x80,0x00,0x01,0x01,0x01,0x02,0x06,0x04,0x10,0x18,0x08,0x50,0x10,0xC0,0x20,0xC0,0xC0,0x00,0x00,
  0x00,0x8E,0x8A,0x4C,0xED,0xD1,0xF9,0x84,0x00,0x03,0x04,0x02,0x12,0x08,0x04,0x28,0x08,0x30,0x10,0x40,
  0x20,0x80,0x00,0x02,0x81,0x00,0x09,0x04,0x02,0x10,0x08,0x04,0x48,0x10,0x10,0x10,0x60,0xC0,0x40,0x40,
  0x80,0x00,0x01,0x05,0x01,0x06,0x02,0x04,0x04,0x10,0x48,0x10,0x10,0x00,0x21,0x40,0x40,0x80,0x00,0x01,
  0x01,0x0A,0x06,0x02,0x04,0x04,0x08,0x08,0x10,0x10,0xC0,0x60,0x80,0x80,0x80,0x00,0x00,0x00,0x00,0x8E,
  0xD1,0x57,0xED,0xD1,0xF9,0x81,0x00,0x05,0x01,0x0C,0x02,0x14,0x04,0x18,0x38,0x20,0x10,0xC0,0x20,0x40,
  0x41,0x00,0x82,0x02,0x01,0x06,0x02,0x02,0x04,0x04,0x08,0x08,0x30,0x10,0x80,0xA0,0xC0,0x40,0x00,0x82,
  0x00,0x01,0x01,0x02,0x02,0x0C,0x04,0x20,0x28,0x20,0x10,0x20,0x20,0x40,0x41,0x00,0x82,0x00,0x01,0x01,
  0x04,0x0E,0x04,0x04,0x08,0x08,0x50,0x10,0x60,0x20,0xC0,0x40,0x00,0x82,0x00,0x03,0x01,0x06,0x02,0x10,
  0x04,0x10,0x08,0x50,0x10,0x00,0x00,0x00,0x8F,0x05,0x59,0xED,0xD1,0x79,0x81,0x00,0x05,0x01,0x0C,0x02,
  0x14,0x04,0x20,0x28,0x30,0x40,0x60,0x20,0x00,0x41,0x80,0x81,0x00,0x01,0x05,0x02,0x02,0x04,0x04,0x08,
  0x08,0x20,0x10,0x20,0x20,0x40,0x40,0x00,0x82,0x00,0x03,0x05,0x06,0x02,0x04,0x04,0x10,0x08,0x10,0x10,
  0x20,0x20,0x40,0x80,0x80,0x81,0x03,0x0A,0x01,0x08,0x0A,0x04,0x14,0x10,0x08,0x30,0x10,0x60,0x20,0x00,
  0x41,0x80,0x81,0x00,0x03,0x01,0x08,0x0A,0x0C,0x04,0x20,0x08,0x30,0x10,0x20,0x00,0x00,0x00,0x00,0x8F,
  0x2E,0x59,0xED,0xD1,0x79,0x81,0x00,0x03,0x06,0x06,0x02,0x14,0x04,0x08,0x08,0x20,0x50,0x80,0x20,0x40,
  0x41,0x80,0x01,0x03,0x01,0x05,0x06,0x04,0x04,0x04,0x08,0x08,0x10,0x10,0x20,0x20,0x80,0x40,0x80,0x80,
  0x00,0x03,0x05,0x02,0x02,0x04,0x08,0x18,0x08,0x10,0x10,0x20,0x20,0x00,0x42,0x01,0x82,0x00,0x05,0x01,
  0x06,0x18,0x0C,0x0C,0x20,0x08,0x40,0x10,0x20,0x20,0x40,0x40,0x80,0x81,0x00,0x03,0x01,0x04,0x02,0x08,
  0x04,0x10,0x08,0x60,0x10,0x60,0x00,0x00,0x00,0x00,0x8F,0x39,0x57,0xED,0xD1,0x79,0x81,0x00,0x04,0x01,
  0x0E,0x02,0x10,0x2C,0x08,0x08,0x80,0x10,0x40,0x20,0x40,0x40,0x81,0x80,0x02,0x02,0x01,0x06,0x02,0x04,
  0x04,0x08,0x08,0x10,0x10,0x40,0xA0,0x40,0x40,0x01,0x81,0x00,0x03,0x01,0x02,0x02,0x04,0x04,0x08,0x08,
  0x20,0x50,0x20,0xA0,0xC0,0x40,0x00,0x83,0x00,0x04,0x05,0x02,0x0A,0x04,0x04,0x08,0x08,0x10,0x10,0x80,
  0x20,0x80,0x41,0x80,0x82,0x00,0x05,0x01,0x02,0x02,0x10,0x04,0x18,0x10,0x30,0x20,0x00,0x00,0x00,0x8F,
  0xB5,0x37,0xED,0xD1,0x79,0x04,0x01,0x08,0x03,0x0C,0x08,0x0C,0x0C,0x38,0x18,0x60,0x40,0xC0,0x40,0x00,
  0xC2,0x00,0x03,0x02,0x05,0x04,0x04,0x02,0x30,0x04,0x40,0x08,0x30,0x10,0x00,0x21,0xC0,0x80,0x81,0x81,
  0x00,0x03,0x01,0x0E,0x02,0x04,0x04,0x10,0x08,0x60,0x10,0x60,0x20,0x01,0x00,0x00,0x90,0x23,0x48,0xED,
  0xD1,0xF9,0x80,0x00,0x06,0x01,0x0C,0x02,0x14,0x04,0x30,0x08,0x10,0x90,0x00,0x21,0x40,0xC2,0x81,0x80,
  0x01,0x02,0x01,0x04,0x02,0x08,0x04,0x18,0x08,0x20,0x70,0x60,0x20,0x80,0x40,0x00,0x81,0x00,0x02,0x01,
  0x06,0x02,0x08,0x1C,0x18,0x08,0x50,0x10,0xC0,0x20,0x40,0x40,0x02,0x81,0x00,0x05,0x01,0x0A,0x02,0x04,
  0x04,0x20,0x08,0x40,0x10,0x60,0x20,0x01,0x00,0x00,0x90,0x85,0x4C,0xED,0xD1,0xF9,0x80,0x00,0x06,0x01,
  0x0C,0x02,0x04,0x24,0x10,0x08,0xF0,0x70,0xC0,0x20,0x40,0x40,0x80,0x80,0x00,0x01,0x01,0x02,0x06,0x08,
  0x04,0x08,0x18,0x10,0x10,0x60,0x20,0x80,0x40,0x80,0x82,0x00,0x03,0x01,0x04,0x0E,0x0C,0x04,0x18,0x08,
  0x30,0x10,0x80,0x20,0xC0,0x40,0x01,0x82,0x00,0x03,0x01,0x06,0x02,0x10,0x04,0x08,0x48,0x10,0x10,0x20,
  0x20,0x40,0x42,0x80,0x81,0x04,0x00,0x00,0x91,0x9C,0x6C,0xED,0xD1,0x79,0x84,0x00,0x04,0x05,0x04,0x02,
  0x1C,0x04,0x18,0x30,0x30,0x10,0x60,0x20,0x40,0x40,0x00,0x81,0x00,0x01,0x05,0x02,0x02,0x04,0x04,0x10,
  0x08,0x10,0x10,0x20,0x20,0x40,0x40,0x80,0x00,0x03,0x01,0x01,0x02,0x02,0x04,0x04,0x08,0x08,0x10,0x10,
  0x40,0x20,0x40,0x80,0x80,0x00,0x01,0x01,0x01,0x02,0x02,0x08,0x04,0x08,0x08,0x30,0x10,0x20,0xC0,0x40,
  0x40,0x81,0x81,0x00,0x01,0x01,0x04,0x02,0x0C,0x04,0x10,0x08,0x10,0x10,0x20,0x20,0x40,0x40,0x80,0x81,
  0x00,0x02,0x01,0x02,0x12,0x04,0x04,0x10,0x08,0x20,0x20,0x60,0x40,0x00,0xC1,0x00,0x00,0x00,0x95,0xA4,
  0x46,0xEC,0xD2,0x79,0x80,0x02,0x02,0x06,0x06,0x02,0x08,0x04,0x18,0x30,0x20,0x60,0x60,0x20,0x80,0x40,
  0x80,0x01,0x03,0x02,0x06,0x08,0x02,0x14,0x08,0x18,0x08,0x10,0x10,0x80,0x40,0x80,0x40,0x80,0x81,0x00,
  0x03,0x04,0x02,0x06,0x04,0x08,0x08,0x10,0xA0,0x20,0x40,0xA0,0xC0,0x80,0x00,0x81,0x00,0x03,0x01,0x06,
  0x04,0x08,0x14,0x18,0x10,0x90,0x20,0x00,0x00,0x00,0x96,0x70,0x59,0xED,0xD1,0x79,0x84,0x00,0x04,0x04,
  0x06,0x02,0x04,0x04,0x18,0x08,0x20,0x10,0x40,0x20,0x40,0x40,0x80,0x80,0x00,0x02,0x01,0x04,0x02,0x04,
  0x04,0x18,0x08,0x10,0x30,0x20,0x20,0xC0,0x40,0x01,0x81,0x00,0x01,0x01,0x0E,0x02,0x08,0x04,0x10,0x08,
  0x50,0x10,0x60,0x20,0x80,0x40,0x00,0x81,0x02,0x02,0x01,0x04,0x02,0x24,0x04,0x10,0x08,0x10,0xB0,0x80,
  0x20,0x40,0x41,0x80,0x82,0x00,0x03,0x01,0x04,0x02,0x10,0x1C,0x08,0x08,0xA0,0x10,0x20,0x00,0x00,0x00,
  0x00,0x96,0xCB,0x40,0xEC,0xD1,0xF9,0x81,0x00,0x02,0x01,0x10,0x12,0x08,0x04,0x20,0x08,0x50,0xA0,0x20,
  0x20,0x40,0x40,0x00,0x82,0x00,0x06,0x09,0x06,0x02,0x10,0x04,0x30,0x50,0x20,0x10,0x40,0x81,0xC0,0x00,
  0x81,0x80,0x00,0x02,0x01,0x06,0x02,0x08,0x04,0x08,0x08,0x20,0x50,0x40,0x20,0x40,0x40,0x80,0x84,0x00,
  0x01,0x01,0x0E,0x06,0x00,0x00,0x00,0x96,0xE2,0x6E,0xED,0xD1,0xF9,0x81,0x00,0x05,0x01,0x06,0x0E,0x08,
  0x04,0x08,0x08,0x30,0x10,0x20,0x20,0xC0,0x40,0x80,0x82,0x00,0x01,0x01,0x02,0x02,0x08,0x14,0x08,0x10,
  0x10,0x20,0x20,0x40,0x40,0x40,0x80,0x81,0x00,0x03,0x01,0x04,0x02,0x04,0x04,0x18,0x28,0x20,0x50,0x60,
  0x20,0x00,0x41,0x80,0x80,0x00,0x02,0x07,0x02,0x02,0x04,0x04,0x10,0x08,0x20,0x10,0x40,0x20,0x40,0x80,
  0x81,0x80,0x00,0x01,0x01,0x02,0x02,0x04,0x04,0x08,0x08,0x20,0x10,0x20,0x60,0x40,0x40,0x80,0x80,0x00,
  0x01,0x01,0x04,0x02,0x0C,0x04,0x08,0x08,0x10,0x60,0x80,0x40,0x40,0x40,0x00,0x02,0x00,0x00,0x00,0x97,
  0x8F,0x44,0xED,0xD1,0xF9,0x00,0x02,0x01,0x05,0x0A,0x02,0x08,0x04,0x18,0x08,0x50,0x10,0x40,0x40,0x80,
  0x40,0x80,0x02,0x01,0x01,0x01,0x02,0x02,0x04,0x04,0x08,0x20,0x20,0x10,0xA0,0x40,0xC0,0x40,0x80,0x82,
  0x00,0x03,0x0D,0x06,0x02,0x14,0x04,0x30,0x38,0x90,0x10,0x00,0x21,0x01,0x41,0x80,0x81,0x00,0x03,0x01,
  0x04,0x1A,0x18,0x04,0x30,0x00,0x00,0x00,0x00,0x97,0xB6,0x51,0xED,0xD1,0xF9,0x81,0x00,0x0A,0x05,0x04,
  0x08,0x08,0x04,0x18,0x08,0x20,0x10,0x40,0x20,0x80,0x40,0x80,0x80,0x00,0x01,0x01,0x02,0x02,0x10,0x1C,
  0x10,0x20,0x20,0x10,0x60,0x20,0x80,0x40,0x00,0x81,0x00,0x02,0x01,0x02,0x02,0x04,0x04,0x18,0x10,0x20,
  0x10,0x60,0x40,0x40,0x80,0x00,0x01,0x01,0x01,0x0B,0x0A,0x02,0x0C,0x04,0x30,0x48,0x40,0x10,0x60,0x20,
  0xC0,0x40,0x00,0x81,0x06,0x06,0x01,0x0C,0x00,0x00,0x00,0x00,0x98,0x04,0x55,0xED,0xD1,0x79,0x81,0x00,
  0x0C,0x01,0x08,0x0C,0x08,0x04,0x38,0x08,0x20,0x50,0x80,0x20,0x40,0x41,0x80,0x80,0x00,0x02,0x06,0x04,
  0x02,0x04,0x04,0x10,0x08,0x40,0x10,0x40,0x20,0x40,0x40,0x00,0x01,0x03,0x02,0x01,0x02,0x02,0x08,0x04,
  0x20,0x08,0x20,0x10,0x20,0x20,0x40,0xC0,0x01,0x81,0x00,0x01,0x02,0x02,0x02,0x10,0x04,0x08,0x08,0x20,
  0x10,0x40,0xC0,0x40,0x40,0x80,0x85,0x00,0x07,0x01,0x04,0x02,0x20,0x04,0x20,0x08,0x00,0x00,0x00,0x98,
  0x99,0x64,0xDD,0xD1,0xF9,0x80,0x02,0x02,0x05,0x02,0x02,0x04,0x04,0x08,0x08,0x40,0x10,0x60,0xA0,0xC0,
  0x40,0x00,0x82,0x00,0x01,0x01,0x02,0x02,0x08,0x14,0x08,0x28,0x20,0x10,0x60,0x20,0xC0,0x40,0x00,0x82,
  0x00,0x01,0x01,0x02,0x10,0x04,0x04,0x08,0x08,0x10,0x20,0x40,0x20,0x80,0x40,0x80,0x80,0x00,0x01,0x01,
  0x02,0x04,0x08,0x04,0x08,0x10,0x10,0x10,0x20,0x20,0x40,0x00,0x82,0x80,0x00,0x01,0x01,0x02,0x04,0x14,
  0x04,0x10,0x08,0x10,0x10,0x20,0x20,0x40,0x41,0x80,0x80,0x00,0x03,0x02,0x06,0x08,0x10,0x04,0x00,0x00,
  0x00,0x98,0xCF,0x6A,0xDD,0xD1,0xF9,0x80,0x02,0x02,0x04,0x04,0x02,0x0C,0x04,0x20,0x08,0x30,0x10,0x60,
  0x20,0xC0,0x40,0x00,0x82,0x00,0x02,0x02,0x04,0x02,0x14,0x08,0x08,0x10,0x10,0x60,0x20,0x20,0x40,0x40,
  0x80,0x80,0x00,0x02,0x01,0x02,0x02,0x04,0x04,0x08,0x08,0x10,0x10,0x20,0x20,0x80,0x40,0x80,0x80,0x00,
  0x01,0x01,0x02,0x02,0x04,0x04,0x08,0x08,0x10,0x10,0x20,0x20,0x80,0x40,0x80,0x00,0x01,0x01,0x02,0x04,
  0x02,0x0C,0x04,0x08,0x08,0x30,0x10,0x20,0x20,0x00,0x41,0x80,0x80,0x00,0x03,0x01,0x08,0x04,0x08,0x04,
  0x20,0x08,0x50,0x20,0xC0,0xC0,0x00,0x00,0x00,0x99,0x17,0x64,0xED,0xD1,0xF9,0x81,0x00,0x05,0x01,0x0C,
  0x02,0x14,0x04,0x28,0x08,0x10,0x10,0x20,0xE0,0x40,0x40,0x80,0x81,0x00,0x03,0x01,0x06,0x02,0x08,0x04,
  0x18,0x28,0x20,0x40,0x40,0x20,0x40,0x40,0x80,0x80,0x00,0x02,0x01,0x04,0x02,0x08,0x04,0x08,0x08,0x10,
  0x10,0x40,0x80,0x80,0x40,0x01,0x81,0x00,0x02,0x01,0x08,0x02,0x10,0x10,0x18,0x18,0x30,0x10,0xA0,0x20,
  0x40,0x40,0x80,0x80,0x00,0x02,0x01,0x02,0x02,0x08,0x04,0x10,0x08,0x20,0x10,0x20,0x40,0x40,0x40,0x00,
  0x82,0x00,0x04,0x01,0x0E,0x02,0x0C,0x00,0x00,0x00,0x00,0x99,0x3D,0x6E,0xED,0xD1,0xF9,0x81,0x00,0x04,
  0x01,0x0E,0x02,0x0C,0x04,0x38,0x08,0x10,0x10,0x20,0xC0,0x80,0x40,0x80,0x01,0x01,0x01,0x01,0x04,0x02,
  0x04,0x04,0x10,0x08,0x20,0x10,0x20,0x20,0x80,0x40,0x00,0x01,0x02,0x01,0x06,0x04,0x02,0x08,0x04,0x08,
  0x08,0x10,0x10,0x40,0x20,0x80,0x00,0x81,0x80,0x00,0x01,0x01,0x04,0x02,0x08,0x04,0x10,0x08,0x10,0x60,
  0x40,0x80,0xC0,0x40,0x80,0x80,0x00,0x03,0x01,0x0A,0x02,0x04,0x04,0x08,0x08,0x20,0x10,0x20,0x20,0xC0,
  0x40,0x80,0x00,0x02,0x01,0x02,0x02,0x02,0x04,0x04,0x10,0x08,0x20,0x10,0x20,0x20,0xC0,0x40,0x00,0x82,
  0x01,0x00,0x00,0x99,0x4B,0x62,0xED,0xD1,0xF9,0x81,0x00,0x05,0x01,0x0C,0x02,0x0C,0x14,0x18,0x08,0x10,
  0x10,0x40,0x20,0x40,0x40,0x80,0x80,0x00,0x02,0x01,0x06,0x02,0x04,0x14,0x08,0x08,0x20,0x10,0xA0,0x20,
  0x00,0x01,0x81,0x80,0x03,0x01,0x01,0x04,0x02,0x08,0x04,0x18,0x08,0x20,0x40,0x40,0xA0,0x80,0x40,0x00,
  0x81,0x00,0x02,0x01,0x06,0x02,0x08,0x10,0x10,0x28,0x20,0x10,0xA0,0x20,0xC0,0x40,0x00,0x81,0x00,0x01,
  0x01,0x06,0x0A,0x08,0x08,0x08,0x08,0x30,0x10,0x20,0x20,0xC0,0x40,0x80,0x82,0x00,0x03,0x01,0x02,0x00,
  0x00,0x00,0x00,0x9A,0x56,0x6E,0xED,0xD1,0xF9,0x83,0x00,0x02,0x01,0x04,0x0A,0x04,0x0C,0x08,0x08,0x10,
  0x20,0x20,0x20,0x00,0x41,0x00,0x81,0x00,0x02,0x0E,0x02,0x02,0x1C,0x04,0x10,0x28,0x10,0x30,0x20,0x20,
  0x40,0x80,0x80,0x80,0x00,0x03,0x01,0x02,0x02,0x04,0x04,0x08,0x30,0x10,0x30,0x20,0x20,0x40,0x40,0x00,
  0x82,0x00,0x05,0x02,0x02,0x02,0x04,0x04,0x08,0x08,0x10,0x30,0x20,0x40,0x40,0x40,0x80,0x80,0x00,0x01,
  0x01,0x04,0x02,0x08,0x04,0x08,0x10,0x10,0x10,0x20,0x20,0x40,0xC0,0x80,0x80,0x00,0x01,0x01,0x08,0x02,
  0x08,0x04,0x08,0x08,0x10,0x20,0x40,0x40,0x80,0xC0,0x80,0x81,0x00,0x00,0x00,0x9A,0x6A,0x77,0xED,0xD1,
  0x79,0x02,0x02,0x01,0x08,0x02,0x02,0x04,0x04,0x08,0x08,0x10,0x10,0x20,0x20,0x40,0x40,0x00,0x81,0x01,
  0x01,0x03,0x02,0x08,0x04,0x04,0x08,0x08,0x10,0x10,0x20,0x20,0x40,0x40,0x80,0x80,0x00,0x05,0x01,0x08,
  0x08,0x04,0x24,0x08,0x08,0x20,0x10,0x20,0x20,0x40,0x40,0x80,0x81,0x00,0x01,0x01,0x04,0x0E,0x04,0x10,
  0x08,0x08,0x10,0x10,0x20,0x20,0x40,0x40,0x00,0x82,0x00,0x01,0x07,0x02,0x02,0x04,0x08,0x08,0x08,0x10,
  0x10,0x40,0x20,0x40,0x80,0x00,0x81,0x00,0x01,0x01,0x02,0x04,0x04,0x08,0x20,0x08,0x10,0x10,0x20,0x20,
  0x80,0x40,0x80,0x80,0x00,0x01,0x02,0x02,0x02,0x08,0x08,0x10,0x10,0x00,0x00,0x00,0x9A,0x8D,0x51,0xED,
  0xD1,0x79,0x84,0x00,0x04,0x05,0x08,0x02,0x1C,0x04,0x10,0x28,0x20,0x10,0x40,0x20,0x40,0x42,0x00,0x81,
  0x00,0x02,0x01,0x06,0x02,0x08,0x04,0x10,0x08,0x30,0x10,0x20,0x20,0xC0,0x40,0x00,0x81,0x00,0x02,0x06,
  0x02,0x0A,0x0C,0x04,0x40,0x08,0x30,0x10,0x00,0x21,0x40,0x40,0x81,0x01,0x01,0x01,0x01,0x06,0x02,0x0C,
  0x08,0x18,0x08,0x30,0x10,0x00,0x21,0xC0,0x40,0x00,0x03,0x01,0x04,0x01,0x06,0x00,0x00,0x00,0x00,0x9A,
  0x8E,0x55,0xED,0xD1,0xF9,0x83,0x02,0x01,0x04,0x0E,0x02,0x10,0x04,0x18,0x28,0x20,0x10,0x20,0x20,0xC0,
  0x41,0x00,0x81,0x00,0x01,0x01,0x06,0x0A,0x08,0x04,0x08,0x08,0xA0,0x10,0x20,0x20,0x80,0xC0,0x81,0x00,
  0x02,0x01,0x01,0x0A,0x02,0x10,0x04,0x10,0x28,0x30,0x10,0x20,0x20,0x80,0x40,0x80,0x81,0x00,0x01,0x02,
  0x04,0x02,0x0C,0x04,0x08,0x08,0x60,0x10,0x80,0x20,0xC0,0x41,0x80,0x81,0x00,0x01,0x01,0x08,0x04,0x08,
  0x08,0x18,0x10,0x00,0x00,0x00,0x9B,0x04,0x42,0xED,0xD1,0x79,0x81,0x00,0x02,0x01,0x08,0x04,0x0C,0x04,
  0x08,0x08,0x30,0x20,0xA0,0x40,0x80,0x81,0x80,0x80,0x03,0x01,0x02,0x0A,0x02,0x08,0x04,0x28,0x10,0x10,
  0x60,0x20,0x60,0x40,0x44,0x02,0x82,0x00,0x07,0x01,0x08,0x12,0x10,0x04,0x38,0x08,0x30,0xD0,0x60,0x20,
  0xC0,0x40,0x80,0x81,0x00,0x03,0x01,0x06,0x02,0x0C,0x08,0x00,0x00,0x00,0x9B,0x1A,0x51,0xED,0xD1,0x79,
  0x81,0x00,0x02,0x01,0x0A,0x02,0x0C,0x04,0x08,0x08,0x30,0x30,0x40,0xE0,0x40,0x41,0x00,0x81,0x00,0x02,
  0x01,0x04,0x08,0x08,0x18,0xA8,0x08,0x10,0xB0,0xA0,0x20,0x00,0x42,0x80,0x80,0x03,0x03,0x01,0x04,0x04,
  0x08,0x04,0x08,0x08,0x10,0x20,0x60,0x20,0x40,0x40,0x00,0x01,0x01,0x04,0x01,0x02,0x02,0x08,0x04,0x10,
  0x08,0x30,0x10,0x40,0xE0,0x40,0x80,0x00,0x82,0x00,0x03,0x01,0x04,0x00,0x00,0x00,0x00,0x9B,0x5A,0x46,
  0xED,0xD1,0x79,0x82,0x00,0x0C,0x06,0x0C,0x02,0x10,0x04,0x30,0x08,0x40,0x10,0xC0,0x40,0x81,0x40,0x80,
  0x80,0x00,0x03,0x01,0x06,0x02,0x10,0x04,0x18,0x08,0x30,0x10,0x80,0x20,0x01,0x41,0x80,0x81,0x00,0x03,
  0x01,0x08,0x02,0x0C,0x04,0x18,0x08,0x40,0x90,0x00,0x22,0x80,0x40,0x00,0x81,0x00,0x03,0x01,0x02,0x02,
  0x10,0x04,0x10,0x08,0x30,0x10,0x00,0x00,0x00,0x9D,0x6B,0x51,0xED,0xD1,0xF9,0x81,0x00,0x04,0x01,0x0E,
  0x02,0x0C,0x14,0x20,0x28,0x30,0x10,0x80,0x20,0xC0,0x40,0x01,0x81,0x02,0x01,0x01,0x06,0x02,0x08,0x04,
  0x18,0x08,0x10,0x50,0x40,0xA0,0x40,0x40,0x00,0x83,0x00,0x03,0x01,0x02,0x0C,0x04,0x14,0x08,0x08,0x80,
  0x10,0x60,0xA0,0x41,0x41,0x80,0x81,0x00,0x03,0x01,0x02,0x02,0x04,0x08,0x18,0x08,0x20,0x10,0x20,0x20,
  0x40,0x40,0x80,0x80,0x00,0x03,0x01,0x0E,0x04,0x00,0x00,0x00,0x9F,0x2B,0x6A,0xED,0xD1,0x79,0x81,0x00,
  0x0A,0x02,0x04,0x04,0x04,0x1C,0x20,0x08,0x30,0x10,0x60,0x40,0x40,0xC0,0x80,0x81,0x00,0x03,0x01,0x08,
  0x02,0x0C,0x04,0x18,0x30,0x20,0x10,0x80,0x81,0x40,0x40,0x80,0x80,0x00,0x01,0x01,0x06,0x02,0x08,0x04,
  0x08,0x28,0x20,0x20,0x40,0x20,0x40,0x40,0x80,0x80,0x00,0x01,0x01,0x06,0x02,0x08,0x04,0x08,0x28,0x30,
  0x10,0x40,0x20,0x40,0x40,0x80,0x80,0x00,0x01,0x01,0x02,0x02,0x04,0x04,0x10,0x08,0x10,0x10,0x20,0x20,
  0x80,0x80,0x80,0x00,0x02,0x01,0x02,0x02,0x02,0x08,0x04,0x08,0x08,0x20,0x10,0x20,0x00,0x00,0x00,0x00,
  0x9F,0x4E,0x64,0xED,0xD1,0x79,0x83,0x00,0x06,0x0D,0x0A,0x02,0x04,0x04,0x10,0x08,0x30,0x40,0x20,0x20,
  0x40,0x80,0x80,0x82,0x00,0x01,0x01,0x02,0x02,0x04,0x04,0x08,0x08,0x40,0x10,0x20,0x20,0x40,0x40,0x80,
  0x80,0x00,0x02,0x01,0x04,0x02,0x04,0x08,0x08,0x08,0x10,0x20,0x40,0x20,0x80,0x40,0x00,0x84,0x00,0x03,
  0x0A,0x06,0x02,0x20,0x04,0x18,0x08,0x10,0x60,0x20,0x20,0xC0,0x40,0x80,0x80,0x00,0x01,0x01,0x04,0x02,
  0x04,0x04,0x10,0x08,0x20,0x60,0x20,0x20,0x40,0x40,0x00,0x82,0x00,0x02,0x01,0x04,0x02,0x04,0x00,0x00,
  0x00,0x00,0x9F,0x67,0x57,0xED,0xD1,0xF9,0x81,0x00,0x0A,0x04,0x02,0x0C,0x10,0x04,0x20,0x08,0x20,0x10,
  0x40,0x80,0x80,0x40,0x80,0x81,0x00,0x04,0x01,0x04,0x02,0x08,0x08,0x18,0x20,0x10,0x30,0xE0,0x20,0x80,
  0x40,0x00,0x83,0x06,0x04,0x01,0x06,0x02,0x14,0x04,0x08,0x08,0x10,0x10,0x20,0x20,0x40,0x40,0x80,0x80,
  0x00,0x02,0x0B,0x04,0x02,0x08,0x04,0x18,0x08,0x20,0x10,0x40,0x20,0x40,0x40,0x80,0x80,0x00,0x01,0x01,
  0x02,0x02,0x04,0x04,0x10,0x58,0x10,0x00,0x00,0x00,0x00,0x9F,0x9C,0x59,0xED,0xD1,0xF9,0x82,0x00,0x09,
  0x09,0x08,0x02,0x1C,0x04,0x20,0x20,0x10,0x40,0xE0,0x20,0x40,0x40,0x00,0x83,0x01,0x01,0x01,0x02,0x0A,
  0x10,0x04,0x08,0x08,0x10,0x10,0x60,0x20,0x40,0x80,0x81,0x00,0x01,0x01,0x02,0x08,0x02,0x04,0x04,0x08,
  0x08,0x10,0x10,0x20,0x20,0x80,0xC0,0x80,0x80,0x00,0x01,0x02,0x02,0x04,0x10,0x04,0x08,0x08,0x10,0x10,
  0x60,0x20,0x40,0x80,0x81,0x80,0x02,0x04,0x01,0x02,0x02,0x04,0x04,0x20,0x08,0x10,0x30,0x40,0xE0,0x00,
  0x00,0x00,0xE0,0x00,0x5B,0xCC,0x12,0x7A,0x82,0x00,0x04,0x01,0x04,0x02,0x04,0x04,0x10,0x08,0x30,0x10,
  0x40,0x60,0x40,0x40,0x80,0x80,0x00,0x02,0x02,0x02,0x02,0x04,0x04,0x30,0x08,0x20,0x10,0x20,0x20,0x80,
  0x80,0x00,0x81,0x00,0x01,0x02,0x02,0x02,0x14,0x04,0x08,0x08,0x10,0x10,0x20,0x20,0x80,0x80,0x80,0x81,
  0x00,0x01,0x01,0x02,0x02,0x14,0x14,0x08,0x28,0x10,0x10,0x20,0x20,0x40,0x00,0x01,0x81,0x00,0x03,0x01,
  0x08,0x02,0x08,0x04,0x18,0x08,0x40,0x40,0x40,0x40,0x40,0x00,0x00,0x00,0x00,0xE0,0x01,0x20,0xC5,0x15,
  0xFA,0x01,0x01,0x03,0x01,0x06,0x02,0x10,0x04,0x18,0x08,0x30,0x10,0x80,0x20,0x40,0x41,0x80,0x82,0x00,
  0x05,0x01,0x08,0x04,0x10,0x04,0x00,0x00,0x00,0x00,0x00,
};

// ---- 12px (对应 efontCN_12) ----
#define SUP_COUNT_12 163
#define SUP_BYTES_12 12375
// 覆盖的码点(升序, 供二分查找)
static const uint16_t SUP_CPS_12[SUP_COUNT_12] = {
  0x2014,0x4E90,0x5198,0x5232,0x52DE,0x531C,0x532F,0x5331,0x537C,0x53DA,0x54A5,0x54B7,
  0x5557,0x55C3,0x55DB,0x57F6,0x5803,0x585A,0x587F,0x592C,0x59E4,0x5A35,0x5BD8,0x5BE6,
  0x5BFD,0x5C44,0x5C7C,0x5CA1,0x5E79,0x5EDF,0x5EEC,0x5F0D,0x5FA9,0x60C7,0x612C,0x61FC,
  0x63DC,0x63F7,0x640D,0x6513,0x65F8,0x65FB,0x6649,0x66CC,0x6759,0x67B2,0x67C5,0x68C4,
  0x696C,0x6A5F,0x6A87,0x6AF8,0x6C59,0x6D0A,0x6D1F,0x6D5F,0x6F21,0x6FEC,0x707D,0x70DC,
  0x70DD,0x72B5,0x7335,0x73EA,0x7503,0x7550,0x756C,0x761D,0x7680,0x769E,0x771E,0x778B,
  0x77FB,0x7841,0x793F,0x7947,0x7950,0x798B,0x7998,0x79B4,0x7A0A,0x7A9E,0x7D6A,0x7E32,
  0x7E58,0x7E7B,0x7E86,0x7E8D,0x7F0A,0x7F52,0x7F91,0x7FDA,0x80F7,0x8122,0x8124,0x8128,
  0x8189,0x81B4,0x81D8,0x81DE,0x81E8,0x81F2,0x8278,0x8283,0x82A3,0x82E2,0x8300,0x833B,
  0x83D1,0x844B,0x8490,0x84CF,0x8500,0x85DF,0x8669,0x884E,0x885B,0x88BD,0x89C0,0x8B90,
  0x8C5C,0x8C6E,0x8C75,0x8CD5,0x8CEB,0x8E50,0x8E5A,0x8E62,0x8E8A,0x8ED1,0x8F05,0x8F2E,
  0x8F39,0x8FB5,0x9023,0x9085,0x919C,0x95A4,0x9670,0x96CB,0x96E2,0x978F,0x97B6,0x9804,
  0x9899,0x98CF,0x9917,0x993D,0x994B,0x9A56,0x9A6A,0x9A8D,0x9A8E,0x9B04,0x9B1A,0x9B5A,
  0x9D6B,0x9F2B,0x9F4E,0x9F67,0x9F9C,0xE000,0xE001,
};
static const uint8_t supFontData12[SUP_BYTES_12] = {
  0xA3,0x00,0x08,0x08,0x04,0x04,0x05,0x05,0x05,0x0B,0x0C,0x00,0xFE,0x09,0xFE,0x0A,0xFF,0x00,0x02,0x00,
  0x02,0x00,0x08,0x00,0x00,0x00,0x00,0x00,0x00,0x00,0x00,0x02,0x90,0x20,0x14,0x00,0x0A,0x4E,0x90,0x00,
  0x22,0x51,0x98,0x00,0x35,0x52,0x32,0x00,0x44,0x52,0xDE,0x00,0x44,0x53,0x1C,0x00,0x40,0x53,0x2F,0x00,
  0x46,0x53,0x31,0x00,0x3D,0x53,0x7C,0x00,0x59,0x53,0xDA,0x00,0x44,0x54,0xA5,0x00,0x40,0x54,0xB7,0x00,
  0x62,0x55,0x57,0x00,0x46,0x55,0xC3,0x00,0x48,0x55,0xDB,0x00,0x5B,0x57,0xF6,0x00,0x51,0x58,0x03,0x00,
  0x3D,0x58,0x5A,0x00,0x4C,0x58,0x7F,0x00,0x46,0x59,0x2C,0x00,0x33,0x59,0xE4,0x00,0x57,0x5A,0x35,0x00,
  0x6C,0x5B,0xD8,0x00,0x35,0x5B,0xE6,0x00,0x37,0x5B,0xFD,0x00,0x33,0x5C,0x44,0x00,0x44,0x5C,0x7C,0x00,
  0x68,0x5C,0xA1,0x00,0x40,0x5E,0x79,0x00,0x40,0x5E,0xDF,0x00,0x59,0x5E,0xEC,0x00,0x53,0x5F,0x0D,0x00,
  0x2C,0x5F,0xA9,0x00,0x46,0x60,0xC7,0x00,0x44,0x61,0x2C,0x00,0x51,0x61,0xFC,0x00,0x55,0x63,0xDC,0x00,
  0x46,0x63,0xF7,0x00,0x4A,0x64,0x0D,0x00,0x42,0x65,0x13,0x00,0x4E,0x65,0xF8,0x00,0x4E,0x65,0xFB,0x00,
  0x2F,0x66,0x49,0x00,0x2F,0x66,0xCC,0x00,0x37,0x67,0x59,0x00,0x4A,0x67,0xB2,0x00,0x33,0x67,0xC5,0x00,
  0x51,0x68,0xC4,0x00,0x35,0x69,0x6C,0x00,0x4E,0x6A,0x5F,0x00,0x68,0x6A,0x87,0x00,0x48,0x6A,0xF8,0x00,
  0x59,0x6C,0x59,0x00,0x33,0x6D,0x0A,0x00,0x44,0x6D,0x1F,0x00,0x3B,0x6D,0x5F,0x00,0x5F,0x6F,0x21,0x00,
  0x3B,0x6F,0xEC,0x00,0x48,0x70,0x7D,0x00,0x44,0x70,0xDC,0x00,0x4C,0x70,0xDD,0x00,0x3D,0x72,0xB5,0x00,
  0x48,0x73,0x35,0x00,0x57,0x73,0xEA,0x00,0x35,0x75,0x03,0x00,0x48,0x75,0x50,0x00,0x2C,0x75,0x6C,0x00,
  0x3B,0x76,0x1D,0x00,0x51,0x76,0x80,0x00,0x28,0x76,0x9E,0x00,0x4E,0x77,0x1E,0x00,0x3D,0x77,0x8B,0x00,
  0x51,0x77,0xFB,0x00,0x44,0x78,0x41,0x00,0x42,0x79,0x3F,0x00,0x4A,0x79,0x47,0x00,0x53,0x79,0x50,0x00,
  0x46,0x79,0x8B,0x00,0x44,0x79,0x98,0x00,0x51,0x79,0xB4,0x00,0x51,0x7A,0x0A,0x00,0x53,0x7A,0x9E,0x00,
  0x3D,0x7D,0x6A,0x00,0x4A,0x7E,0x32,0x00,0x53,0x7E,0x58,0x00,0x57,0x7E,0x7B,0x00,0x4A,0x7E,0x86,0x00,
  0x4C,0x7E,0x8D,0x00,0x3D,0x7F,0x0A,0x00,0x51,0x7F,0x52,0x00,0x17,0x7F,0x91,0x00,0x2C,0x7F,0xDA,0x00,
  0x3B,0x80,0xF7,0x00,0x3D,0x81,0x22,0x00,0x55,0x81,0x24,0x00,0x5B,0x81,0x28,0x00,0x53,0x81,0x89,0x00,
  0x51,0x81,0xB4,0x00,0x5D,0x81,0xD8,0x00,0x6E,0x81,0xDE,0x00,0x59,0x81,0xE8,0x00,0x4E,0x81,0xF2,0x00,
  0x55,0x82,0x78,0x00,0x5B,0x82,0x83,0x00,0x39,0x82,0xA3,0x00,0x31,0x82,0xE2,0x00,0x2A,0x83,0x00,0x00,
  0x3D,0x83,0x3B,0x00,0x57,0x83,0xD1,0x00,0x3B,0x84,0x4B,0x00,0x51,0x84,0x90,0x00,0x3B,0x84,0xCF,0x00,
  0x5D,0x85,0x00,0x00,0x46,0x85,0xDF,0x00,0x40,0x86,0x69,0x00,0x5F,0x88,0x4E,0x00,0x4A,0x88,0x5B,0x00,
  0x51,0x88,0xBD,0x00,0x68,0x89,0xC0,0x00,0x51,0x8B,0x90,0x00,0x3B,0x8C,0x5C,0x00,0x5D,0x8C,0x6E,0x00,
  0x57,0x8C,0x75,0x00,0x66,0x8C,0xD5,0x00,0x51,0x8C,0xEB,0x00,0x42,0x8E,0x50,0x00,0x5B,0x8E,0x5A,0x00,
  0x4A,0x8E,0x62,0x00,0x55,0x8E,0x8A,0x00,0x42,0x8E,0xD1,0x00,0x4A,0x8F,0x05,0x00,0x51,0x8F,0x2E,0x00,
  0x4A,0x8F,0x39,0x00,0x48,0x8F,0xB5,0x00,0x33,0x90,0x23,0x00,0x40,0x90,0x85,0x00,0x42,0x91,0x9C,0x00,
  0x4C,0x95,0xA4,0x00,0x42,0x96,0x70,0x00,0x48,0x96,0xCB,0x00,0x37,0x96,0xE2,0x00,0x57,0x97,0x8F,0x00,
  0x40,0x97,0xB6,0x00,0x44,0x98,0x04,0x00,0x51,0x98,0x99,0x00,0x59,0x98,0xCF,0x00,0x51,0x99,0x17,0x00,
  0x55,0x99,0x3D,0x00,0x59,0x99,0x4B,0x00,0x55,0x9A,0x56,0x00,0x5D,0x9A,0x6A,0x00,0x46,0x9A,0x8D,0x00,
  0x46,0x9A,0x8E,0x00,0x42,0x9B,0x04,0x00,0x37,0x9B,0x1A,0x00,0x42,0x9B,0x5A,0x00,0x39,0x9D,0x6B,0x00,
  0x4A,0x9F,0x2B,0x00,0x4C,0x9F,0x4E,0x00,0x59,0x9F,0x67,0x00,0x46,0x9F,0x9C,0x00,0x46,0xE0,0x00,0x00,
  0x44,0xE0,0x01,0x00,0x1E,0xFF,0xFF,0x20,0x14,0x08,0x19,0x91,0x72,0x80,0x04,0x00,0x00,0x4E,0x90,0x20,
  0xBB,0xD0,0xF1,0x80,0x04,0x05,0x01,0x14,0x02,0x18,0x2C,0x18,0x08,0x90,0x10,0x40,0x01,0x81,0x42,0x00,
  0x85,0x00,0x0A,0x01,0x10,0x04,0x08,0x00,0x00,0x00,0x00,0x51,0x98,0x33,0xCB,0xD0,0xF1,0x82,0x00,0x0A,
  0x01,0x14,0x02,0x14,0x30,0x20,0x08,0x40,0x20,0x80,0x20,0x00,0x41,0x00,0x82,0x00,0x01,0x01,0x10,0x02,
  0x04,0x04,0x38,0x08,0x20,0x10,0xC0,0x20,0xC0,0x40,0x80,0x81,0x00,0x01,0x01,0x08,0x02,0x0C,0x08,0x30,
  0x20,0x00,0x00,0x00,0x52,0x32,0x42,0xCB,0xD0,0xF1,0x81,0x00,0x06,0x01,0x06,0x02,0x18,0x04,0x08,0x28,
  0x10,0x10,0x40,0x20,0xC0,0x40,0x80,0x81,0x00,0x02,0x01,0x06,0x02,0x0C,0x04,0x10,0x38,0x10,0x10,0x40,
  0x20,0xC0,0x41,0x00,0x81,0x00,0x03,0x01,0x06,0x02,0x08,0x04,0x08,0x28,0x10,0x10,0x40,0x20,0xC0,0x40,
  0x00,0x83,0x00,0x03,0x03,0x08,0x08,0x14,0x0C,0x00,0x00,0x00,0x52,0xDE,0x42,0xCB,0xD0,0x71,0x81,0x00,
  0x05,0x01,0x04,0x02,0x04,0x04,0x08,0x08,0x10,0x10,0x20,0x20,0x40,0x40,0x80,0x80,0x00,0x01,0x01,0x06,
  0x02,0x04,0x04,0x08,0x08,0x30,0x10,0x20,0x20,0xC0,0x40,0x83,0x84,0x00,0x04,0x01,0x0E,0x12,0x14,0x04,
  0x20,0x08,0x40,0x10,0xA0,0x20,0xC0,0x40,0x00,0x83,0x00,0x02,0x01,0x0A,0x04,0x08,0x00,0x00,0x00,0x00,
  0x53,0x1C,0x3E,0xCA,0xD1,0x71,0x80,0x05,0x04,0x01,0x08,0x02,0x04,0x04,0x10,0x08,0x40,0x10,0x20,0x20,
  0x80,0x00,0x81,0x80,0x00,0x01,0x04,0x04,0x02,0x04,0x0C,0x10,0x08,0x20,0x10,0x20,0x20,0x40,0x40,0x00,
  0x81,0x00,0x01,0x02,0x02,0x02,0x04,0x04,0x10,0x08,0x40,0x10,0x20,0x20,0x80,0x81,0x00,0x01,0x04,0x09,
  0x0A,0x00,0x00,0x00,0x53,0x2F,0x44,0xCB,0xD0,0x71,0x00,0x06,0x04,0x01,0x02,0x02,0x0C,0x08,0x18,0x08,
  0x20,0x10,0x40,0x20,0x40,0x40,0x80,0x00,0x03,0x01,0x01,0x04,0x04,0x08,0x04,0x18,0x10,0x20,0x60,0x20,
  0x20,0x40,0x40,0x80,0x80,0x00,0x02,0x01,0x06,0x02,0x0C,0x18,0x08,0x08,0x10,0x10,0x20,0x20,0x80,0x40,
  0x80,0x01,0x01,0x02,0x06,0x02,0x02,0x0C,0x04,0x30,0x58,0x00,0x00,0x00,0x53,0x31,0x3B,0xCA,0xD1,0x71,
  0x80,0x05,0x04,0x01,0x08,0x02,0x08,0x14,0x10,0x08,0x20,0x10,0x20,0x20,0x40,0x40,0x00,0x81,0x05,0x01,
  0x01,0x0A,0x02,0x04,0x04,0x08,0x38,0x10,0x10,0x20,0x20,0x40,0x41,0x80,0x80,0x00,0x01,0x07,0x02,0x02,
  0x08,0x04,0x18,0x08,0x20,0x10,0x20,0x20,0x40,0x41,0x80,0x00,0x05,0x00,0x00,0x53,0x7C,0x57,0xCB,0xD0,
  0x71,0x83,0x00,0x04,0x05,0x02,0x08,0x08,0x04,0x08,0x08,0x10,0x10,0x60,0x20,0x80,0x40,0x80,0x80,0x00,
  0x01,0x06,0x02,0x02,0x04,0x04,0x08,0x08,0x60,0x10,0x20,0x20,0x40,0x40,0x80,0x80,0x01,0x02,0x01,0x02,
  0x02,0x04,0x04,0x08,0x08,0x10,0x10,0x40,0x20,0x40,0x40,0x80,0x80,0x00,0x01,0x03,0x04,0x02,0x04,0x04,
  0x08,0x08,0x10,0x10,0x40,0x20,0x40,0x40,0x80,0x00,0x01,0x03,0x03,0x02,0x02,0x04,0x04,0x30,0x10,0x30,
  0x70,0x00,0x00,0x00,0x53,0xDA,0x42,0xCB,0xD0,0x71,0x00,0x02,0x02,0x04,0x02,0x02,0x08,0x04,0x28,0x08,
  0x10,0x10,0x40,0x20,0x40,0x41,0x80,0x00,0x02,0x02,0x04,0x02,0x02,0x28,0x04,0x50,0x20,0x10,0x50,0x20,
  0x20,0x40,0x41,0x00,0x81,0x00,0x01,0x01,0x0A,0x02,0x08,0x04,0x08,0x20,0x30,0x20,0x40,0x20,0x40,0x41,
  0x00,0x81,0x00,0x01,0x01,0x08,0x02,0x10,0x04,0x00,0x00,0x00,0x54,0xA5,0x3E,0xBB,0xD0,0x71,0x00,0x02,
  0x01,0x07,0x04,0x02,0x0C,0x04,0x18,0x08,0x20,0x10,0x40,0x20,0x00,0x41,0x00,0x81,0x00,0x01,0x01,0x06,
  0x02,0x04,0x04,0x10,0x08,0x10,0x70,0x40,0x20,0xC0,0x40,0x00,0x01,0x01,0x02,0x01,0x06,0x02,0x0C,0x10,
  0x08,0x28,0x10,0x10,0x40,0x20,0xC0,0x40,0x00,0x85,0x00,0x07,0x07,0x00,0x00,0x00,0x54,0xB7,0x60,0xCB,
  0xD0,0xF1,0x82,0x00,0x02,0x01,0x04,0x06,0x08,0x04,0x10,0x08,0x20,0x10,0x20,0x20,0x80,0x40,0x00,0x81,
  0x00,0x02,0x01,0x02,0x04,0x04,0x04,0x10,0x08,0x10,0x20,0x20,0x20,0x40,0x80,0x00,0x01,0x01,0x01,0x01,
  0x02,0x02,0x08,0x04,0x10,0x08,0x20,0x10,0x20,0x20,0x40,0x80,0x00,0x01,0x01,0x01,0x01,0x02,0x04,0x04,
  0x04,0x10,0x08,0x10,0x40,0x40,0x20,0x80,0x40,0x00,0x81,0x00,0x01,0x01,0x02,0x02,0x0C,0x04,0x08,0x08,
  0x40,0x10,0x60,0x20,0x40,0x40,0x80,0x81,0x00,0x05,0x02,0x00,0x00,0x00,0x55,0x57,0x44,0xCB,0xD0,0xF1,
  0x82,0x00,0x0A,0x05,0x02,0x06,0x04,0x04,0x20,0x08,0x10,0x10,0x20,0x40,0x00,0x41,0x00,0x81,0x00,0x01,
  0x01,0x06,0x02,0x10,0x04,0x08,0x08,0x10,0x20,0x40,0x80,0x40,0x40,0x80,0x80,0x00,0x05,0x02,0x02,0x02,
  0x04,0x0C,0x08,0x30,0x10,0x10,0xA0,0x40,0x40,0x40,0x80,0x80,0x00,0x05,0x01,0x08,0x0E,0x10,0x04,0x28,
  0x08,0x00,0x00,0x00,0x55,0xC3,0x46,0xCB,0xD0,0xF1,0x83,0x00,0x07,0x0A,0x10,0x02,0x04,0x04,0x10,0x28,
  0x10,0x10,0x20,0x20,0x80,0x40,0x80,0x81,0x00,0x01,0x01,0x02,0x02,0x08,0x14,0x08,0x08,0x10,0x10,0x00,
  0x21,0x40,0x40,0x80,0x00,0x05,0x01,0x01,0x0A,0x04,0x04,0x04,0x08,0x08,0x10,0x30,0x20,0x20,0x00,0x41,
  0x80,0x80,0x00,0x01,0x01,0x02,0x02,0x10,0x04,0x08,0x18,0x10,0x10,0x00,0x00,0x00,0x55,0xDB,0x59,0xCB,
  0xD0,0x71,0x82,0x00,0x03,0x01,0x04,0x06,0x08,0x04,0x08,0x08,0x30,0x10,0x20,0x20,0x40,0x80,0x81,0x80,
  0x00,0x01,0x01,0x04,0x02,0x04,0x04,0x18,0x08,0x10,0x10,0x20,0xC0,0x40,0x40,0x80,0x80,0x00,0x02,0x01,
  0x02,0x02,0x04,0x04,0x08,0x08,0x10,0xA0,0x20,0x20,0x80,0x40,0x80,0x80,0x00,0x01,0x01,0x02,0x06,0x04,
  0x18,0x08,0x08,0x10,0x10,0x20,0x40,0x40,0x80,0x80,0x82,0x00,0x01,0x01,0x02,0x02,0x04,0x04,0x30,0x08,
  0x10,0x10,0x40,0x20,0x00,0x00,0x00,0x57,0xF6,0x4F,0xCB,0xD0,0x71,0x81,0x00,0x03,0x01,0x0C,0x02,0x0C,
  0x04,0x28,0x18,0x10,0x40,0x80,0x20,0xC0,0x40,0x80,0x80,0x00,0x02,0x05,0x02,0x02,0x04,0x04,0x18,0x08,
  0x10,0x10,0x20,0x40,0x40,0x40,0x00,0x81,0x00,0x01,0x01,0x02,0x02,0x04,0x04,0x08,0x08,0x30,0x30,0x40,
  0x60,0x00,0x41,0x80,0x81,0x00,0x01,0x01,0x08,0x06,0x04,0x04,0x08,0x08,0x10,0x40,0x40,0x20,0xC0,0x80,
  0x00,0x82,0x00,0x05,0x01,0x00,0x00,0x00,0x58,0x03,0x3B,0xCB,0xD0,0xF1,0x80,0x00,0x06,0x01,0x08,0x02,
  0x18,0x04,0x08,0x28,0x10,0x50,0x20,0x20,0x40,0x41,0x00,0x02,0x02,0x02,0x04,0x02,0x02,0x08,0x04,0x10,
  0x08,0x20,0x10,0x20,0x20,0x80,0x40,0x00,0x81,0x00,0x02,0x02,0x04,0x04,0x04,0x04,0x10,0x10,0x50,0x10,
  0xC0,0x20,0x81,0x41,0x80,0x82,0x05,0x00,0x00,0x58,0x5A,0x4A,0xCB,0xD0,0x71,0x81,0x00,0x01,0x07,0x04,
  0x02,0x04,0x04,0x28,0x08,0x20,0x10,0x40,0x21,0x80,0x40,0x81,0x00,0x02,0x02,0x01,0x0C,0x02,0x08,0x04,
  0x08,0x08,0x20,0x10,0x40,0x20,0x40,0x40,0x80,0x80,0x00,0x01,0x02,0x06,0x02,0x08,0x08,0x08,0x08,0x40,
  0x10,0x20,0x20,0x80,0xC0,0x80,0x01,0x01,0x02,0x01,0x02,0x02,0x04,0x0C,0x10,0x10,0x20,0x10,0x00,0x41,
  0xC0,0x00,0x00,0x00,0x00,0x58,0x7F,0x44,0xCB,0xD0,0x71,0x81,0x00,0x04,0x01,0x0A,0x02,0x08,0x14,0x18,
  0x08,0x20,0x10,0x20,0x20,0x40,0x40,0x80,0x81,0x00,0x01,0x0B,0x02,0x02,0x04,0x04,0x08,0x08,0x30,0x10,
  0x40,0xA0,0xC0,0x40,0x00,0x82,0x00,0x05,0x01,0x02,0x0E,0x08,0x04,0x18,0x08,0x20,0x10,0x60,0x40,0x40,
  0x80,0x00,0x81,0x00,0x01,0x02,0x0A,0x04,0x18,0x0C,0x10,0x10,0x00,0x00,0x00,0x59,0x2C,0x31,0xCB,0xD0,
  0xF1,0x82,0x00,0x0A,0x01,0x0C,0x12,0x18,0x04,0x18,0x08,0x60,0x10,0x60,0x20,0x80,0x41,0x80,0x81,0x00,
  0x06,0x01,0x06,0x02,0x04,0x2C,0x20,0x08,0x10,0x10,0xE0,0x20,0xC0,0x40,0x80,0x82,0x00,0x05,0x01,0x04,
  0x04,0x1C,0x08,0x00,0x00,0x00,0x59,0xE4,0x55,0xCB,0xD0,0x71,0x81,0x00,0x05,0x02,0x06,0x02,0x08,0x0C,
  0x28,0x08,0x20,0x10,0xA0,0x80,0x40,0x40,0x00,0x83,0x00,0x01,0x01,0x02,0x0C,0x04,0x04,0x08,0x08,0x10,
  0x10,0xC0,0x20,0x40,0x40,0x80,0x80,0x00,0x05,0x01,0x04,0x02,0x04,0x04,0x08,0x20,0x10,0x10,0x20,0x20,
  0x40,0x40,0x80,0x80,0x00,0x02,0x01,0x04,0x02,0x08,0x04,0x08,0x08,0x20,0x10,0x20,0x20,0x40,0x40,0x80,
  0x80,0x00,0x01,0x05,0x06,0x02,0x08,0x04,0x10,0x08,0x00,0x00,0x00,0x5A,0x35,0x6A,0xCB,0xD0,0xF1,0x80,
  0x00,0x01,0x05,0x08,0x02,0x08,0x04,0x08,0x08,0x10,0x30,0x20,0x20,0x80,0x40,0x80,0x80,0x00,0x01,0x01,
  0x02,0x08,0x04,0x0C,0x08,0x08,0x10,0x20,0x20,0x20,0x40,0x40,0x80,0x80,0x00,0x01,0x01,0x02,0x04,0x04,
  0x04,0x08,0x08,0x10,0x10,0x20,0x20,0x40,0x80,0x80,0x80,0x00,0x01,0x03,0x02,0x02,0x04,0x08,0x08,0x08,
  0x10,0x10,0x20,0x20,0x40,0x40,0x80,0x00,0x01,0x01,0x01,0x02,0x02,0x04,0x08,0x08,0x08,0x20,0x10,0x20,
  0x80,0x80,0x40,0x80,0x80,0x00,0x01,0x01,0x06,0x02,0x04,0x04,0x08,0x10,0x50,0x20,0x40,0x20,0x00,0x00,
  0x00,0x5B,0xD8,0x33,0xCB,0xD0,0xF1,0x82,0x00,0x05,0x0C,0x08,0x02,0x10,0x04,0x08,0x48,0x60,0x10,0xE0,
  0xE0,0x00,0x41,0x80,0x82,0x00,0x04,0x01,0x04,0x02,0x08,0x04,0x20,0x08,0x20,0x10,0x40,0x20,0x80,0xC0,
  0x02,0x81,0x00,0x05,0x01,0x06,0x02,0x1C,0x04,0x08,0x00,0x00,0x00,0x00,0x5B,0xE6,0x35,0xCB,0xD0,0xF1,
  0x82,0x00,0x05,0x0C,0x12,0x02,0x08,0x20,0x18,0x08,0x20,0x10,0x60,0x20,0x40,0xC0,0x82,0x80,0x00,0x03,
  0x01,0x06,0x02,0x08,0x24,0x18,0x10,0x20,0x10,0x20,0x20,0x00,0x41,0x80,0x80,0x00,0x02,0x02,0x08,0x0E,
  0x14,0x04,0x18,0x08,0x30,0x00,0x00,0x00,0x00,0x5B,0xFD,0x31,0xCB,0xD0,0x71,0x83,0x05,0x03,0x01,0x04,
  0x02,0x08,0x04,0x20,0x08,0x30,0x10,0x40,0x20,0x80,0x40,0x00,0x82,0x00,0x02,0x01,0x18,0x02,0x0C,0x2C,
  0x38,0x08,0x50,0x10,0x80,0x20,0x80,0x41,0x80,0x81,0x00,0x0A,0x01,0x10,0x06,0x0C,0x00,0x00,0x00,0x00,
  0x5C,0x44,0x42,0xCB,0xD0,0xF1,0x00,0x05,0x01,0x01,0x10,0x02,0x04,0x28,0x08,0x08,0x40,0x10,0xA0,0x20,
  0x40,0x41,0x00,0x82,0x00,0x01,0x08,0x02,0x02,0x04,0x04,0x30,0x08,0x10,0x10,0x60,0x20,0x80,0x40,0x80,
  0x81,0x00,0x03,0x01,0x04,0x02,0x0C,0x04,0x10,0x08,0x40,0x10,0x40,0x20,0x80,0x40,0x00,0x82,0x00,0x01,
  0x01,0x04,0x02,0x18,0x04,0x00,0x00,0x00,0x5C,0x7C,0x66,0xCB,0xD0,0x71,0x81,0x00,0x0A,0x01,0x04,0x0C,
  0x08,0x04,0x18,0x08,0x10,0x10,0x40,0x20,0x40,0x40,0x80,0x80,0x00,0x01,0x01,0x02,0x02,0x08,0x04,0x08,
  0x08,0x10,0x10,0x20,0x20,0x40,0x40,0x00,0x81,0x00,0x01,0x01,0x02,0x02,0x04,0x04,0x08,0x08,0x20,0x10,
  0x20,0x20,0x40,0x40,0x80,0x80,0x00,0x01,0x01,0x04,0x02,0x04,0x04,0x08,0x08,0x10,0x10,0x20,0x20,0x80,
  0x40,0x80,0x80,0x01,0x01,0x01,0x02,0x02,0x08,0x08,0x10,0x08,0x10,0x10,0x20,0x20,0x40,0x40,0x80,0x82,
  0x00,0x02,0x01,0x02,0x02,0x10,0x04,0x20,0x10,0x00,0x00,0x00,0x5C,0xA1,0x3E,0xCB,0xD0,0x71,0x00,0x06,
  0x09,0x02,0x02,0x02,0x14,0x04,0x08,0x10,0x20,0x10,0x60,0x20,0x80,0x40,0x03,0x82,0x00,0x04,0x02,0x02,
  0x02,0x08,0x04,0x10,0x08,0x10,0x20,0x20,0x20,0x80,0x40,0x00,0x81,0x00,0x01,0x02,0x02,0x02,0x08,0x04,
  0x10,0x08,0x10,0x20,0x20,0xE0,0x40,0x80,0x80,0x04,0x01,0x07,0x03,0x00,0x00,0x00,0x5E,0x79,0x3E,0xCB,
  0xD0,0x71,0x81,0x00,0x05,0x01,0x04,0x0A,0x08,0x04,0x08,0x08,0x30,0x10,0x60,0x20,0xC0,0x80,0x01,0x83,
  0x00,0x03,0x01,0x04,0x06,0x04,0x14,0x18,0x08,0x20,0x10,0x60,0x20,0xC0,0x40,0x00,0x81,0x02,0x03,0x01,
  0x08,0x02,0x0C,0x28,0x18,0x08,0x40,0x10,0xA0,0x20,0x00,0x41,0x80,0x82,0x00,0x02,0x00,0x00,0x00,0x00,
  0x5E,0xDF,0x57,0xCB,0xD0,0x71,0x83,0x00,0x05,0x0A,0x02,0x02,0x08,0x04,0x38,0x08,0x10,0x30,0x20,0x60,
  0x80,0x40,0x00,0x81,0x00,0x02,0x01,0x02,0x02,0x08,0x04,0x08,0x18,0x10,0x10,0x20,0x20,0x80,0x40,0x80,
  0x80,0x00,0x01,0x01,0x02,0x06,0x08,0x04,0x08,0x18,0x10,0x10,0x20,0x20,0x80,0x40,0x80,0x80,0x00,0x01,
  0x01,0x02,0x06,0x08,0x1C,0x08,0x08,0x20,0x10,0x40,0x20,0x80,0x40,0x80,0x80,0x00,0x01,0x01,0x06,0x02,
  0x04,0x04,0x08,0x10,0x10,0x00,0x00,0x00,0x00,0x5E,0xEC,0x51,0xCB,0xD0,0x71,0x83,0x00,0x05,0x0A,0x02,
  0x02,0x10,0x04,0x28,0x08,0x10,0x80,0x20,0x20,0x40,0x40,0x00,0x81,0x00,0x03,0x01,0x02,0x02,0x04,0x04,
  0x08,0x28,0x20,0x10,0x20,0x20,0x80,0x40,0x80,0x81,0x00,0x01,0x01,0x02,0x02,0x08,0x14,0x08,0x08,0x10,
  0x10,0x40,0x20,0x40,0x40,0x80,0x81,0x00,0x01,0x01,0x02,0x0A,0x08,0x04,0x08,0x08,0x10,0x10,0x20,0x20,
  0x40,0x40,0x80,0x80,0x00,0x01,0x01,0x02,0x0E,0x00,0x00,0x00,0x5F,0x0D,0x2A,0xCB,0xD0,0xF1,0x83,0x00,
  0x01,0x01,0x10,0x02,0x08,0x04,0x38,0x08,0x30,0xB0,0xE0,0x20,0x80,0x42,0x00,0x82,0x02,0x01,0x01,0x14,
  0x02,0x2C,0x04,0x30,0x18,0x10,0x10,0x20,0xA0,0x40,0x81,0x00,0x85,0x00,0x00,0x00,0x5F,0xA9,0x44,0xCB,
  0xD0,0x71,0x81,0x00,0x01,0x07,0x02,0x02,0x04,0x04,0x38,0x08,0x30,0x60,0x60,0x20,0x40,0x40,0x00,0x82,
  0x00,0x02,0x01,0x04,0x0C,0x04,0x08,0x10,0x08,0x40,0x10,0x40,0x20,0x80,0x80,0x01,0x81,0x00,0x03,0x01,
  0x0C,0x02,0x08,0x18,0x10,0x08,0x10,0x10,0x20,0x20,0xC0,0x40,0x00,0x81,0x00,0x04,0x03,0x06,0x02,0x04,
  0x0C,0x18,0x10,0x00,0x00,0x00,0x60,0xC7,0x42,0xCB,0xD0,0x71,0x81,0x00,0x04,0x01,0x0A,0x02,0x04,0x1C,
  0x10,0x08,0x80,0x10,0x20,0x40,0x40,0x40,0x81,0x80,0x00,0x01,0x01,0x02,0x04,0x0C,0x04,0x08,0x08,0x10,
  0x10,0x40,0xA0,0x40,0x40,0x80,0x80,0x00,0x0A,0x01,0x04,0x0A,0x0C,0x04,0x28,0x08,0x40,0x10,0x20,0xE0,
  0x80,0x40,0x00,0x82,0x00,0x05,0x01,0x06,0x04,0x0C,0x00,0x00,0x00,0x00,0x61,0x2C,0x4F,0xCB,0xD0,0xF1,
  0x80,0x00,0x03,0x01,0x02,0x08,0x08,0x04,0x08,0x08,0x20,0x10,0x40,0xE0,0x40,0x00,0x81,0x81,0x00,0x03,
  0x01,0x04,0x02,0x04,0x04,0x08,0x08,0x10,0x10,0x20,0x80,0x40,0x40,0x81,0x80,0x00,0x02,0x01,0x04,0x02,
  0x0C,0x04,0x18,0x18,0x30,0x10,0x60,0x40,0x00,0x43,0x80,0x80,0x00,0x01,0x01,0x06,0x02,0x08,0x04,0x08,
  0x08,0x20,0x10,0x20,0x20,0x40,0x80,0x80,0x81,0x02,0x01,0x01,0x00,0x00,0x00,0x61,0xFC,0x53,0xCB,0xD0,
  0x71,0x81,0x00,0x01,0x03,0x02,0x06,0x08,0x04,0x08,0x08,0x10,0x10,0x20,0x20,0x40,0x40,0x00,0x81,0x02,
  0x01,0x04,0x02,0x02,0x04,0x04,0x08,0x08,0x10,0x10,0x20,0x40,0x40,0x40,0x80,0x80,0x01,0x01,0x04,0x02,
  0x02,0x08,0x04,0x10,0x08,0x20,0x10,0x20,0x20,0x40,0xC0,0x01,0x81,0x01,0x02,0x01,0x0A,0x02,0x04,0x18,
  0x18,0x08,0x10,0x10,0x40,0x20,0x40,0x41,0x80,0x80,0x03,0x02,0x01,0x02,0x02,0x18,0x00,0x00,0x00,0x00,
  0x63,0xDC,0x44,0xCB,0xD0,0x71,0x81,0x00,0x04,0x01,0x0A,0x02,0x0C,0x04,0x08,0x08,0x40,0x10,0x40,0x20,
  0xC0,0x40,0x80,0x80,0x02,0x01,0x03,0x02,0x02,0x08,0x04,0x50,0x08,0x10,0x70,0x40,0x60,0x40,0x01,0x81,
  0x80,0x03,0x02,0x01,0x04,0x02,0x0C,0x04,0x18,0x08,0x10,0x70,0x40,0x20,0x80,0x40,0x80,0x81,0x00,0x02,
  0x02,0x02,0x02,0x10,0x04,0x08,0x00,0x00,0x00,0x00,0x63,0xF7,0x48,0xCB,0xD0,0x71,0x81,0x00,0x05,0x02,
  0x06,0x02,0x08,0x0C,0x28,0x08,0x40,0x10,0x60,0x80,0x40,0x80,0x01,0x81,0x00,0x04,0x01,0x0A,0x02,0x08,
  0x04,0x08,0x08,0x10,0x20,0x40,0x60,0x80,0x40,0x00,0x01,0x02,0x01,0x02,0x02,0x02,0x04,0x08,0x10,0x08,
  0x10,0x10,0x40,0x20,0x80,0x40,0x00,0x81,0x00,0x01,0x07,0x04,0x02,0x10,0x04,0x20,0x10,0x40,0x10,0x60,
  0x00,0x00,0x00,0x00,0x64,0x0D,0x40,0xCB,0xD0,0x71,0x81,0x00,0x02,0x05,0x06,0x02,0x08,0x04,0x18,0x08,
  0x30,0x10,0x40,0xA0,0x40,0x00,0x81,0x84,0x00,0x01,0x07,0x04,0x02,0x04,0x04,0x28,0x08,0x20,0xC0,0x20,
  0x20,0x40,0x41,0x00,0x81,0x00,0x01,0x07,0x04,0x02,0x04,0x04,0x28,0x08,0x20,0x10,0x20,0xE0,0x40,0x80,
  0x00,0x81,0x00,0x03,0x01,0x02,0x00,0x00,0x00,0x00,0x65,0x13,0x4C,0xCB,0xD0,0xF1,0x80,0x00,0x05,0x01,
  0x08,0x02,0x04,0x20,0x08,0x08,0x10,0x10,0x20,0x20,0x80,0x40,0x80,0x00,0x02,0x01,0x06,0x04,0x02,0x0C,
  0x04,0x10,0x08,0x30,0x10,0x20,0x00,0x41,0x80,0x80,0x00,0x01,0x02,0x02,0x02,0x04,0x04,0x04,0x08,0x20,
  0x10,0x10,0x20,0x20,0x00,0x41,0x80,0x82,0x00,0x02,0x01,0x02,0x08,0x08,0x04,0x10,0x08,0x10,0x10,0x80,
  0x40,0x40,0x40,0x80,0x00,0x03,0x00,0x00,0x65,0xF8,0x4C,0xBB,0xD0,0x71,0x00,0x02,0x01,0x05,0x02,0x02,
  0x08,0x04,0x20,0x08,0x20,0x10,0x40,0x20,0xC0,0x40,0x80,0x81,0x00,0x02,0x01,0x04,0x02,0x10,0x10,0x08,
  0x38,0x20,0x10,0x40,0x20,0x40,0x40,0x80,0x00,0x01,0x02,0x01,0x04,0x02,0x04,0x04,0x08,0x10,0x20,0x10,
  0x20,0x20,0x40,0x40,0x00,0x01,0x03,0x02,0x01,0x04,0x04,0x08,0x04,0x10,0x08,0x30,0x10,0xA0,0x20,0x80,
  0x80,0x80,0x00,0x00,0x00,0x00,0x65,0xFB,0x2D,0xCB,0xD0,0xF1,0x80,0x04,0x02,0x01,0x0E,0x02,0x08,0x24,
  0x10,0x08,0x70,0x10,0x40,0x20,0x81,0x41,0x80,0x82,0x05,0x02,0x01,0x0A,0x02,0x14,0x04,0x18,0x08,0x70,
  0x30,0xC0,0x40,0xC0,0x80,0x00,0x01,0x01,0x07,0x02,0x00,0x00,0x00,0x66,0x49,0x2D,0xCB,0xD0,0xF1,0x80,
  0x04,0x03,0x01,0x08,0x02,0x10,0x04,0x10,0x08,0x10,0x10,0x40,0x20,0x80,0x00,0x81,0x00,0x02,0x0C,0x0B,
  0x18,0x12,0x08,0x04,0x38,0x08,0x20,0x90,0x40,0x20,0xC0,0x41,0x00,0x81,0x04,0x01,0x00,0x00,0x00,0x00,
  0x66,0xCC,0x35,0xCB,0xD0,0x71,0x03,0x05,0x01,0x01,0x06,0x04,0x0C,0x04,0x08,0x50,0x10,0x10,0x60,0x40,
  0xC0,0x40,0x80,0x00,0x05,0x01,0x01,0x06,0x02,0x14,0x04,0x18,0x70,0x10,0x10,0xA0,0x20,0x40,0x40,0x80,
  0x80,0x00,0x01,0x05,0x02,0x02,0x18,0x04,0x30,0x48,0x10,0x00,0x00,0x00,0x00,0x67,0x59,0x48,0xCB,0xD0,
  0x71,0x81,0x00,0x03,0x01,0x02,0x02,0x10,0x04,0x18,0x08,0x20,0x10,0x60,0x20,0xC0,0x40,0x00,0x02,0x02,
  0x02,0x01,0x02,0x06,0x08,0x04,0x08,0x20,0x40,0x30,0x40,0x20,0x40,0x81,0x80,0x80,0x00,0x01,0x01,0x08,
  0x02,0x04,0x04,0x18,0x08,0x60,0x10,0x80,0x20,0x80,0x40,0x00,0x81,0x00,0x05,0x01,0x02,0x02,0x08,0x04,
  0x30,0x10,0x20,0x10,0xE0,0x20,0x00,0x00,0x00,0x67,0xB2,0x31,0xCB,0xD0,0x71,0x81,0x00,0x09,0x01,0x0E,
  0x02,0x04,0x2C,0x50,0x08,0x10,0x90,0x40,0x20,0xC0,0x41,0x00,0x81,0x04,0x06,0x01,0x0A,0x16,0x0C,0x04,
  0x08,0x08,0x10,0x10,0xA0,0x20,0x80,0x40,0x00,0x81,0x00,0x02,0x02,0x06,0x02,0x0C,0x08,0x00,0x00,0x00,
  0x67,0xC5,0x4F,0xCB,0xD0,0x71,0x81,0x00,0x0A,0x01,0x04,0x0C,0x08,0x04,0x10,0x08,0x40,0x50,0x20,0x20,
  0x00,0x41,0x00,0x81,0x00,0x02,0x06,0x02,0x06,0x04,0x04,0x30,0x10,0x10,0x20,0x20,0x20,0x80,0x80,0x80,
  0x80,0x00,0x02,0x01,0x02,0x02,0x04,0x04,0x18,0x08,0x20,0x10,0x20,0x40,0x00,0x41,0x00,0x81,0x00,0x01,
  0x01,0x04,0x02,0x08,0x04,0x10,0x08,0x10,0x10,0x40,0x20,0x80,0x40,0x80,0x80,0x00,0x03,0x03,0x00,0x00,
  0x00,0x68,0xC4,0x33,0xCB,0xD0,0xF1,0x82,0x00,0x05,0x0B,0x04,0x02,0x14,0x04,0x18,0x48,0x30,0x10,0x40,
  0x20,0x80,0x40,0x00,0x81,0x05,0x02,0x01,0x04,0x02,0x08,0x04,0x20,0x38,0x70,0x10,0xA0,0x60,0x81,0x40,
  0x00,0x81,0x00,0x02,0x01,0x04,0x04,0x0C,0x04,0x18,0x10,0x00,0x00,0x00,0x69,0x6C,0x4C,0xCB,0xD0,0x71,
  0x81,0x00,0x02,0x05,0x06,0x02,0x08,0x04,0x18,0x08,0x30,0x10,0x40,0xA0,0x40,0x00,0x81,0x80,0x00,0x03,
  0x01,0x06,0x02,0x08,0x14,0x10,0x10,0x30,0x10,0xA0,0x60,0x40,0xC0,0x81,0x80,0x00,0x01,0x01,0x04,0x02,
  0x08,0x04,0x10,0x08,0x30,0x10,0x20,0x20,0x40,0x40,0x00,0x81,0x00,0x02,0x01,0x08,0x02,0x08,0x04,0x10,
  0x18,0x20,0x10,0x40,0x20,0x40,0x81,0x80,0x00,0x00,0x00,0x00,0x6A,0x5F,0x66,0xCB,0xD0,0xF1,0x80,0x00,
  0x02,0x01,0x04,0x02,0x04,0x04,0x10,0x08,0x20,0x10,0x40,0x20,0x40,0x40,0x00,0x81,0x00,0x01,0x01,0x02,
  0x02,0x04,0x08,0x08,0x20,0x10,0x10,0x40,0x20,0x40,0x40,0x00,0x81,0x00,0x01,0x01,0x02,0x02,0x04,0x08,
  0x08,0x08,0x10,0x10,0x20,0x60,0x40,0xC0,0x81,0x80,0x00,0x02,0x01,0x02,0x02,0x04,0x08,0x08,0x40,0x10,
  0x10,0x40,0x20,0x80,0x40,0x80,0x80,0x00,0x02,0x01,0x04,0x04,0x08,0x04,0x08,0x08,0x10,0x10,0x40,0x20,
  0x80,0x40,0x80,0x00,0x01,0x01,0x01,0x02,0x02,0x08,0x04,0x18,0x08,0x00,0x00,0x00,0x6A,0x87,0x46,0xCB,
  0xD0,0xF1,0x80,0x00,0x03,0x01,0x02,0x02,0x10,0x04,0x10,0x38,0x10,0x10,0x20,0x40,0x80,0x40,0x80,0x81,
  0x01,0x01,0x07,0x02,0x02,0x08,0x04,0x10,0x08,0x40,0x10,0x40,0x40,0x41,0x40,0x00,0x81,0x00,0x03,0x02,
  0x04,0x0E,0x04,0x04,0x50,0x08,0x20,0x30,0x20,0x60,0x40,0x40,0x00,0x81,0x00,0x01,0x03,0x02,0x02,0x04,
  0x04,0x10,0x08,0x40,0x20,0x00,0x00,0x00,0x6A,0xF8,0x57,0xCB,0xD0,0xF1,0x80,0x00,0x02,0x01,0x02,0x02,
  0x04,0x08,0x10,0x08,0x10,0x10,0x40,0x40,0x40,0x40,0x00,0x81,0x00,0x01,0x02,0x02,0x02,0x04,0x08,0x08,
  0x20,0x20,0x20,0x20,0x20,0x80,0x40,0x80,0x80,0x00,0x01,0x01,0x02,0x02,0x04,0x04,0x10,0x08,0x10,0xB0,
  0x20,0x20,0xC0,0x40,0x00,0x01,0x01,0x01,0x01,0x04,0x02,0x08,0x04,0x10,0x10,0x10,0x50,0x20,0x20,0x40,
  0x40,0x00,0x82,0x00,0x05,0x01,0x02,0x0E,0x08,0x04,0x20,0x08,0x40,0x00,0x00,0x00,0x00,0x6C,0x59,0x31,
  0xCB,0xD0,0x71,0x80,0x00,0x03,0x07,0x02,0x02,0x14,0x04,0x50,0x08,0xA0,0x10,0x60,0x20,0x80,0x41,0x00,
  0x82,0x00,0x01,0x08,0x0E,0x02,0x28,0x04,0x28,0x08,0x40,0x10,0x80,0x20,0x40,0x41,0x80,0x81,0x00,0x06,
  0x01,0x10,0x06,0x0C,0x00,0x00,0x00,0x00,0x6D,0x0A,0x42,0xCB,0xD0,0x71,0x80,0x00,0x05,0x01,0x0A,0x02,
  0x10,0x04,0x30,0x48,0x50,0x10,0xA0,0x20,0xC0,0x40,0x00,0x01,0x02,0x01,0x01,0x04,0x02,0x10,0x04,0x20,
  0x10,0x30,0x10,0x80,0x20,0x40,0x40,0x80,0x80,0x02,0x04,0x01,0x06,0x02,0x0C,0x04,0x10,0x08,0x30,0x10,
  0x40,0x20,0xC0,0x40,0x80,0x81,0x00,0x06,0x01,0x04,0x04,0x08,0x00,0x00,0x00,0x00,0x6D,0x1F,0x39,0xCB,
  0xD0,0x71,0x83,0x00,0x04,0x01,0x02,0x12,0x04,0x04,0x20,0x08,0x70,0x70,0xE0,0x20,0x80,0x40,0x80,0x80,
  0x00,0x02,0x07,0x04,0x02,0x04,0x04,0x10,0x08,0x70,0x80,0xC0,0x20,0xC0,0x40,0x80,0x80,0x00,0x03,0x01,
  0x02,0x02,0x04,0x0C,0x18,0x08,0x30,0x10,0x80,0x40,0x40,0x81,0x00,0x00,0x00,0x6D,0x5F,0x5D,0xCB,0xD0,
  0x71,0x80,0x00,0x03,0x01,0x06,0x02,0x0C,0x04,0x10,0x08,0x30,0x10,0xA0,0x20,0xC0,0x40,0x00,0x83,0x00,
  0x01,0x01,0x02,0x0A,0x04,0x08,0x08,0x10,0x20,0x10,0x40,0x20,0x40,0x40,0x80,0x80,0x00,0x01,0x01,0x02,
  0x02,0x10,0x04,0x08,0x08,0x10,0x10,0x20,0x20,0x00,0x41,0x80,0x80,0x00,0x01,0x01,0x02,0x02,0x10,0x04,
  0x08,0x08,0x20,0x10,0x60,0x20,0x40,0x40,0x80,0x80,0x00,0x02,0x01,0x04,0x02,0x08,0x04,0x18,0x08,0x10,
  0x10,0x80,0x20,0x80,0x40,0x80,0x81,0x00,0x00,0x00,0x6F,0x21,0x39,0xCB,0xD0,0x71,0x82,0x00,0x06,0x01,
  0x06,0x0E,0x04,0x04,0x08,0x08,0xB0,0x60,0xA0,0x20,0x00,0x41,0x80,0x80,0x00,0x03,0x06,0x04,0x02,0x08,
  0x04,0x20,0x08,0x40,0x80,0x80,0x20,0xC0,0x41,0x80,0x80,0x04,0x01,0x01,0x04,0x02,0x04,0x04,0x10,0x08,
  0x40,0x10,0x20,0x20,0x80,0x80,0x00,0x00,0x00,0x6F,0xEC,0x46,0xCB,0xD0,0x71,0x80,0x00,0x05,0x04,0x04,
  0x02,0x10,0x04,0x30,0x48,0x20,0x10,0x20,0x20,0x40,0x40,0x80,0x80,0x00,0x01,0x02,0x04,0x02,0x04,0x04,
  0x08,0x08,0x10,0x10,0x40,0x20,0x80,0x40,0x81,0x02,0x01,0x03,0x02,0x06,0x02,0x04,0x14,0x08,0x08,0x40,
  0x10,0x60,0x20,0xC0,0x40,0x00,0x81,0x02,0x02,0x01,0x06,0x02,0x0C,0x04,0x30,0x28,0x20,0x00,0x00,0x00,
  0x00,0x70,0x7D,0x42,0xCB,0xD0,0x71,0x81,0x00,0x03,0x01,0x06,0x02,0x04,0x04,0x18,0x08,0x30,0x10,0x20,
  0x20,0xC0,0x40,0x80,0x81,0x00,0x03,0x01,0x06,0x02,0x0C,0x04,0x18,0x08,0x30,0x10,0x60,0x20,0x00,0x44,
  0x80,0x83,0x00,0x02,0x01,0x06,0x02,0x08,0x04,0x18,0x08,0x20,0x10,0xC0,0x20,0x40,0x40,0x00,0x03,0x01,
  0x03,0x02,0x04,0x04,0x1C,0x08,0x00,0x00,0x00,0x70,0xDC,0x4A,0xCB,0xD0,0x71,0x81,0x00,0x0A,0x01,0x02,
  0x0E,0x08,0x04,0x08,0x08,0x60,0x10,0x20,0x40,0x40,0x40,0x81,0x80,0x00,0x01,0x01,0x04,0x02,0x0C,0x04,
  0x08,0x08,0x10,0x10,0x40,0x20,0xC0,0x40,0x80,0x80,0x00,0x01,0x01,0x04,0x0A,0x0C,0x04,0x10,0x08,0x30,
  0x10,0x60,0x20,0x80,0x40,0x80,0x81,0x00,0x02,0x01,0x02,0x02,0x04,0x14,0x10,0x08,0x10,0x10,0xE0,0x20,
  0xC0,0xC0,0x01,0x00,0x00,0x70,0xDD,0x3B,0xCB,0xD0,0x71,0x01,0x03,0x09,0x01,0x12,0x02,0x0C,0x04,0x08,
  0x20,0x10,0x20,0x20,0x20,0x40,0x41,0x80,0x80,0x00,0x01,0x01,0x0A,0x02,0x08,0x04,0x10,0x08,0x20,0x20,
  0x40,0x40,0xC0,0x80,0x00,0x86,0x04,0x0D,0x01,0x02,0x02,0x08,0x04,0x10,0x08,0x10,0x10,0x60,0x20,0x80,
  0x40,0x00,0x81,0x00,0x00,0x00,0x72,0xB5,0x46,0xCB,0xD0,0xF1,0x81,0x00,0x02,0x01,0x0A,0x02,0x04,0x04,
  0x10,0x08,0x60,0x10,0x60,0xA0,0x40,0x40,0x80,0x80,0x00,0x01,0x01,0x0A,0x02,0x08,0x08,0x48,0x08,0x10,
  0x50,0x60,0x40,0x00,0x41,0x80,0x81,0x00,0x01,0x01,0x06,0x02,0x0C,0x04,0x10,0x08,0x20,0x10,0xE0,0x20,
  0x40,0x40,0x00,0x82,0x00,0x03,0x01,0x02,0x02,0x10,0x04,0x08,0x10,0x30,0x50,0x00,0x00,0x00,0x73,0x35,
  0x55,0xCB,0xD0,0x71,0x81,0x00,0x04,0x01,0x06,0x02,0x04,0x04,0x08,0x38,0x10,0x10,0x40,0x20,0x40,0x81,
  0x80,0x80,0x00,0x01,0x07,0x04,0x02,0x04,0x04,0x40,0x08,0x10,0x70,0x20,0x40,0x40,0x40,0x80,0x80,0x00,
  0x01,0x01,0x02,0x04,0x04,0x0C,0x08,0x08,0x10,0x10,0x20,0x20,0x80,0x40,0x80,0x80,0x03,0x02,0x01,0x02,
  0x02,0x04,0x04,0x08,0x08,0x10,0x10,0x40,0x20,0x40,0x40,0x80,0x80,0x00,0x01,0x01,0x02,0x06,0x08,0x04,
  0x20,0x10,0x00,0x00,0x00,0x73,0xEA,0x33,0xCB,0xD0,0xF1,0x83,0x00,0x03,0x04,0x06,0x02,0x14,0x04,0x10,
  0x28,0x30,0x10,0x80,0x20,0x40,0x41,0x00,0x82,0x00,0x03,0x04,0x02,0x0C,0x08,0x04,0x50,0x08,0x40,0x10,
  0xA0,0x20,0x80,0x40,0x81,0x01,0x01,0x03,0x01,0x06,0x04,0x14,0x04,0x38,0x38,0x00,0x00,0x00,0x75,0x03,
  0x46,0xCB,0xD0,0xF1,0x01,0x01,0x03,0x01,0x04,0x06,0x0C,0x04,0x08,0x08,0x10,0x10,0x40,0x20,0xC0,0x40,
  0x80,0x00,0x01,0x01,0x05,0x06,0x02,0x0C,0x0C,0x18,0x08,0x10,0x10,0x20,0x20,0x40,0x40,0x80,0x80,0x00,
  0x01,0x01,0x06,0x02,0x08,0x04,0x40,0x58,0x20,0x10,0x40,0xC1,0x00,0x41,0x00,0x81,0x00,0x02,0x01,0x04,
  0x02,0x04,0x0C,0x08,0x08,0x20,0x30,0x00,0x00,0x00,0x75,0x50,0x2A,0xCB,0xD0,0x71,0x80,0x05,0x0D,0x07,
  0x08,0x02,0x14,0x04,0x20,0x38,0xE0,0x90,0x40,0x20,0xC0,0x40,0x80,0x81,0x00,0x02,0x09,0x04,0x02,0x0C,
  0x04,0x18,0x08,0x20,0x90,0x40,0x20,0xC0,0x41,0x80,0x00,0x00,0x00,0x00,0x75,0x6C,0x39,0xCB,0xD0,0x71,
  0x82,0x01,0x06,0x02,0x06,0x04,0x08,0x08,0x08,0x28,0x10,0x20,0xA0,0x20,0x40,0xC1,0x82,0x80,0x00,0x03,
  0x01,0x06,0x02,0x04,0x04,0x18,0x10,0x40,0x10,0x20,0x20,0x81,0x40,0x80,0x81,0x00,0x03,0x01,0x04,0x12,
  0x08,0x04,0x18,0x08,0x30,0x10,0x40,0x20,0x41,0x00,0x00,0x00,0x00,0x76,0x1D,0x4F,0xCB,0xD0,0x71,0x83,
  0x00,0x06,0x09,0x04,0x02,0x20,0x04,0x08,0x08,0x10,0x70,0x20,0x40,0x40,0x40,0x80,0x80,0x00,0x01,0x01,
  0x02,0x02,0x08,0x04,0x08,0x38,0x20,0x10,0x80,0x20,0x00,0x81,0x00,0x81,0x00,0x01,0x01,0x02,0x02,0x04,
  0x04,0x08,0x08,0x10,0x10,0x40,0x20,0x80,0x40,0x00,0x81,0x00,0x02,0x01,0x02,0x02,0x04,0x04,0x10,0x08,
  0x20,0x10,0x40,0x20,0x80,0x80,0x00,0x83,0x00,0x03,0x00,0x00,0x00,0x00,0x76,0x80,0x26,0xCA,0xD1,0x71,
  0x82,0x00,0x08,0x01,0x0C,0x12,0x04,0x04,0x38,0x08,0x10,0x90,0x20,0x20,0xC0,0x41,0x80,0x80,0x04,0x0B,
  0x01,0x0A,0x06,0x04,0x18,0x20,0x08,0x80,0x10,0x20,0x20,0x01,0x00,0x00,0x76,0x9E,0x4C,0xCB,0xD0,0x71,
  0x81,0x00,0x04,0x01,0x08,0x02,0x0C,0x14,0x08,0x20,0x10,0x10,0x60,0x20,0x40,0x40,0x00,0x81,0x00,0x01,
  0x05,0x02,0x02,0x08,0x04,0x08,0x08,0x30,0x10,0x20,0x20,0x80,0x40,0x80,0x80,0x02,0x01,0x04,0x04,0x02,
  0x10,0x04,0x10,0x48,0x20,0x10,0x20,0x20,0xC0,0x40,0x80,0x80,0x00,0x02,0x02,0x04,0x02,0x08,0x14,0x08,
  0x28,0x10,0x10,0x40,0x20,0xC0,0x40,0x80,0x01,0x00,0x00,0x00,0x77,0x1E,0x3B,0xCB,0xD0,0xF1,0x80,0x00,
  0x04,0x03,0x06,0x0A,0x18,0x04,0x38,0x08,0x30,0x80,0x20,0x20,0x40,0x40,0x80,0x82,0x00,0x02,0x01,0x02,
  0x0E,0x08,0x04,0x08,0x08,0x50,0x10,0x40,0x20,0x40,0xC0,0x01,0x81,0x00,0x01,0x01,0x0A,0x02,0x08,0x2C,
  0x10,0x08,0x50,0x10,0x60,0x20,0xC0,0x41,0x80,0x00,0x00,0x00,0x00,0x77,0x8B,0x4F,0xCB,0xD0,0xF1,0x83,
  0x00,0x03,0x04,0x02,0x0A,0x04,0x04,0x10,0x08,0x30,0x10,0x60,0x20,0x80,0x40,0x80,0x80,0x02,0x01,0x04,
  0x02,0x02,0x0C,0x04,0x08,0x08,0x20,0x10,0x20,0xA0,0x40,0x40,0x00,0x81,0x00,0x01,0x01,0x06,0x02,0x04,
  0x10,0x08,0x28,0x10,0x10,0x40,0x20,0x40,0x40,0x80,0x81,0x00,0x01,0x01,0x04,0x18,0x08,0x04,0x08,0x08,
  0x20,0x10,0x40,0x20,0x40,0x40,0x80,0x81,0x00,0x01,0x00,0x00,0x00,0x00,0x77,0xFB,0x42,0xCB,0xD0,0x71,
  0x83,0x00,0x04,0x04,0x04,0x02,0x18,0x04,0x18,0x28,0x20,0x10,0x40,0x20,0x80,0x41,0x00,0x81,0x00,0x07,
  0x03,0x02,0x0A,0x04,0x08,0x08,0x08,0x40,0x10,0x60,0x20,0x40,0x40,0x80,0x81,0x00,0x04,0x01,0x02,0x02,
  0x08,0x04,0x28,0x18,0x10,0x10,0x80,0x20,0x40,0x40,0x80,0x80,0x00,0x01,0x01,0x08,0x02,0x18,0x14,0x00,
  0x00,0x00,0x78,0x41,0x40,0xBB,0xD0,0x71,0x00,0x02,0x01,0x05,0x06,0x02,0x14,0x04,0x20,0x08,0x40,0x10,
  0x80,0x20,0x00,0x41,0x80,0x80,0x00,0x03,0x03,0x02,0x02,0x0C,0x04,0x08,0x10,0x10,0x20,0xA0,0x20,0x40,
  0x40,0x80,0x80,0x00,0x01,0x05,0x04,0x02,0x04,0x04,0x18,0x08,0x40,0x30,0x60,0x20,0x00,0x41,0x80,0x80,
  0x00,0x03,0x01,0x0E,0x0E,0x00,0x00,0x00,0x79,0x3F,0x48,0xCB,0xD0,0xF1,0x80,0x00,0x04,0x01,0x0C,0x02,
  0x0C,0x04,0x20,0x20,0x20,0x50,0x60,0x20,0x40,0x40,0x00,0x82,0x00,0x02,0x01,0x02,0x02,0x14,0x04,0x10,
  0x08,0x30,0x10,0x60,0x20,0x40,0xC0,0x80,0x81,0x00,0x02,0x02,0x02,0x02,0x04,0x04,0x10,0x08,0x20,0x10,
  0x40,0x20,0xC0,0x41,0x00,0x81,0x00,0x07,0x01,0x04,0x02,0x1C,0x04,0x10,0x08,0x50,0x20,0x20,0x00,0x00,
  0x00,0x00,0x79,0x47,0x51,0xCB,0xD0,0xF1,0x80,0x00,0x06,0x03,0x04,0x02,0x08,0x10,0x10,0x20,0x10,0x10,
  0x40,0x20,0x40,0x41,0x80,0x80,0x00,0x02,0x01,0x08,0x02,0x08,0x04,0x10,0x08,0x40,0x20,0x20,0xC0,0x40,
  0x80,0x80,0x00,0x01,0x02,0x01,0x04,0x02,0x04,0x04,0x10,0x08,0x20,0x10,0x80,0x20,0x80,0x40,0x00,0x81,
  0x00,0x04,0x01,0x04,0x02,0x04,0x08,0x08,0x08,0x20,0x10,0x40,0x40,0x80,0x80,0x00,0x81,0x00,0x02,0x01,
  0x08,0x02,0x00,0x00,0x00,0x79,0x50,0x44,0xCB,0xD0,0xF1,0x80,0x00,0x05,0x01,0x0A,0x02,0x10,0x04,0x18,
  0x20,0x10,0x60,0x60,0x20,0xC0,0x40,0x80,0x82,0x00,0x03,0x01,0x0C,0x02,0x0C,0x04,0x28,0x18,0x10,0x70,
  0x20,0x20,0x40,0x40,0x80,0x80,0x00,0x03,0x01,0x04,0x04,0x08,0x04,0x18,0x08,0x20,0x10,0x60,0x20,0xC0,
  0x40,0x00,0x81,0x00,0x03,0x05,0x04,0x02,0x0C,0x04,0x18,0x08,0x00,0x00,0x00,0x79,0x8B,0x42,0xCB,0xD0,
  0x71,0x80,0x00,0x0B,0x01,0x04,0x14,0x0C,0x04,0x08,0x08,0x40,0x10,0x20,0xE0,0x40,0x40,0x00,0x81,0x00,
  0x01,0x01,0x02,0x02,0x04,0x04,0x08,0x10,0x10,0x10,0x20,0x20,0x40,0x40,0x80,0x80,0x01,0x01,0x08,0x02,
  0x02,0x14,0x04,0x20,0x08,0x20,0x70,0x20,0x20,0x40,0x41,0x00,0x82,0x00,0x05,0x01,0x08,0x02,0x04,0x20,
  0x00,0x00,0x00,0x79,0x98,0x4F,0xCB,0xD0,0xF1,0x80,0x00,0x05,0x01,0x0A,0x02,0x04,0x2C,0x08,0x08,0x30,
  0x10,0x80,0x20,0x80,0x40,0x80,0x80,0x00,0x04,0x01,0x02,0x0E,0x08,0x04,0x08,0x08,0x50,0x10,0x20,0x60,
  0xC0,0x40,0x80,0x81,0x00,0x01,0x01,0x02,0x0E,0x08,0x04,0x08,0x08,0x20,0x10,0x40,0x20,0x80,0x40,0x80,
  0x80,0x00,0x02,0x01,0x04,0x02,0x08,0x04,0x08,0x08,0x20,0x10,0x20,0x40,0x80,0x40,0x00,0x82,0x00,0x03,
  0x00,0x00,0x00,0x00,0x79,0xB4,0x4F,0xCB,0xD0,0x71,0x80,0x00,0x06,0x01,0x08,0x02,0x0C,0x08,0x08,0x10,
  0x10,0x50,0xA0,0x20,0x80,0x40,0x80,0x80,0x03,0x01,0x01,0x04,0x02,0x04,0x04,0x08,0x08,0x10,0x10,0x20,
  0x40,0x40,0x40,0x82,0x80,0x00,0x08,0x01,0x04,0x0E,0x04,0x04,0x10,0x08,0x10,0x10,0x20,0x20,0x40,0x40,
  0x80,0x80,0x00,0x02,0x07,0x02,0x02,0x08,0x04,0x08,0x08,0x10,0x10,0x20,0x20,0x40,0x40,0x00,0x81,0x00,
  0x04,0x02,0x00,0x00,0x00,0x7A,0x0A,0x51,0xCB,0xD0,0xF1,0x81,0x00,0x01,0x01,0x06,0x02,0x04,0x0C,0x18,
  0x08,0x10,0x10,0x80,0x20,0x80,0x40,0x81,0x81,0x00,0x04,0x01,0x02,0x02,0x04,0x10,0x08,0x28,0x30,0x10,
  0x40,0x20,0x40,0x40,0x00,0x82,0x01,0x01,0x06,0x02,0x04,0x04,0x04,0x10,0x08,0x20,0x20,0x20,0x20,0xC0,
  0x80,0x00,0x81,0x00,0x02,0x01,0x04,0x02,0x04,0x04,0x08,0x10,0x20,0x10,0x20,0x20,0x80,0x40,0x80,0x82,
  0x00,0x04,0x01,0x06,0x00,0x00,0x00,0x00,0x7A,0x9E,0x3B,0xCB,0xD0,0xF1,0x82,0x00,0x05,0x0C,0x02,0x02,
  0x04,0x04,0x18,0x08,0x10,0x10,0x20,0x20,0x40,0x40,0x81,0x80,0x00,0x03,0x01,0x08,0x02,0x1C,0x04,0x08,
  0x08,0x50,0x30,0x40,0x80,0x80,0x40,0x80,0x83,0x00,0x02,0x04,0x02,0x08,0x08,0x04,0x38,0x08,0x20,0x90,
  0x40,0x20,0xC0,0x41,0x80,0x00,0x00,0x00,0x00,0x7D,0x6A,0x48,0xCB,0xD0,0xF1,0x80,0x00,0x0A,0x01,0x04,
  0x10,0x0C,0x04,0x28,0x10,0x10,0x10,0x20,0x20,0x80,0x40,0x00,0x81,0x01,0x02,0x01,0x04,0x02,0x08,0x04,
  0x08,0x08,0x20,0x80,0x20,0x20,0x40,0x40,0x00,0x81,0x00,0x02,0x04,0x02,0x02,0x04,0x04,0x08,0x08,0x10,
  0x10,0x80,0x40,0xC0,0xC0,0x80,0x80,0x00,0x01,0x01,0x0A,0x04,0x04,0x04,0x08,0x40,0x30,0x10,0xA0,0x20,
  0x00,0x00,0x00,0x7E,0x32,0x51,0xCB,0xD0,0x71,0x81,0x00,0x02,0x06,0x04,0x02,0x08,0x04,0x10,0x08,0x10,
  0x10,0x20,0x20,0xC0,0xC0,0x01,0x81,0x00,0x01,0x01,0x04,0x02,0x04,0x10,0x10,0x30,0x10,0x10,0x80,0x20,
  0x80,0x40,0x80,0x80,0x00,0x02,0x01,0x02,0x08,0x08,0x10,0x18,0x08,0x20,0x10,0xA0,0xC0,0x40,0x40,0x80,
  0x80,0x00,0x03,0x01,0x06,0x02,0x04,0x04,0x08,0x10,0x10,0x10,0x20,0x20,0x40,0x40,0x80,0x81,0x00,0x01,
  0x02,0x04,0x02,0x00,0x00,0x00,0x7E,0x58,0x55,0xCB,0xD0,0xF1,0x80,0x00,0x03,0x05,0x04,0x02,0x10,0x04,
  0x10,0x08,0x10,0x10,0xC0,0x40,0x80,0x40,0x80,0x80,0x00,0x01,0x09,0x06,0x02,0x04,0x04,0x10,0x08,0x10,
  0x10,0x40,0x20,0x40,0x80,0x80,0x81,0x00,0x01,0x01,0x02,0x14,0x04,0x04,0x08,0x08,0x10,0x10,0x20,0x20,
  0x00,0x81,0x80,0x81,0x01,0x01,0x01,0x02,0x02,0x04,0x0C,0x08,0x10,0x10,0x10,0x20,0x20,0x40,0x40,0x80,
  0x80,0x00,0x01,0x02,0x06,0x02,0x04,0x0C,0x08,0x08,0x00,0x00,0x00,0x7E,0x7B,0x48,0xCB,0xD0,0xF1,0x80,
  0x00,0x03,0x05,0x04,0x02,0x14,0x04,0x18,0x08,0x30,0x80,0x20,0x20,0x40,0x40,0x00,0x81,0x00,0x02,0x03,
  0x06,0x02,0x04,0x04,0x08,0x08,0x20,0x10,0x20,0x21,0x40,0x40,0x80,0x00,0x05,0x04,0x01,0x0E,0x10,0x04,
  0x04,0x08,0x08,0x10,0x10,0x20,0x20,0x40,0x80,0x80,0x80,0x00,0x01,0x01,0x02,0x02,0x04,0x04,0x08,0x10,
  0x30,0x10,0x80,0x40,0x00,0x00,0x00,0x7E,0x86,0x4A,0xCB,0xD0,0xF1,0x80,0x00,0x02,0x07,0x02,0x02,0x08,
  0x04,0x10,0x08,0x20,0x20,0x60,0x40,0x40,0x40,0x80,0x80,0x01,0x01,0x01,0x02,0x02,0x04,0x0C,0x08,0x18,
  0x20,0x70,0x20,0x20,0x40,0x41,0x80,0x81,0x00,0x01,0x01,0x02,0x14,0x04,0x04,0x08,0x08,0x10,0x10,0x20,
  0x20,0xC0,0x41,0x80,0x81,0x00,0x01,0x01,0x04,0x0A,0x04,0x04,0x08,0x08,0x40,0x10,0x60,0x20,0xC0,0xC0,
  0x01,0x00,0x00,0x7E,0x8D,0x3B,0xC9,0xD1,0xF1,0x80,0x03,0x02,0x01,0x04,0x02,0x08,0x04,0x08,0x50,0x10,
  0x10,0x20,0x20,0x40,0x40,0x80,0x80,0x05,0x01,0x01,0x02,0x02,0x04,0x04,0x08,0x08,0x20,0x10,0x60,0x20,
  0xC0,0x40,0x01,0x83,0x00,0x03,0x01,0x02,0x12,0x04,0x04,0x10,0x08,0x20,0x10,0x20,0x20,0x80,0x80,0x80,
  0x81,0x00,0x00,0x00,0x7F,0x0A,0x4F,0xCB,0xD0,0xF1,0x80,0x00,0x02,0x05,0x06,0x02,0x08,0x04,0x18,0x08,
  0x20,0x10,0x60,0xA0,0x80,0x40,0x80,0x80,0x00,0x01,0x01,0x06,0x02,0x08,0x08,0x10,0x28,0x30,0x10,0x20,
  0x21,0x80,0xC0,0x81,0x00,0x02,0x01,0x01,0x02,0x02,0x04,0x04,0x20,0x08,0x10,0x10,0x20,0x20,0x40,0x40,
  0x80,0x01,0x01,0x01,0x01,0x02,0x02,0x04,0x04,0x08,0x10,0x10,0x10,0x20,0x20,0x40,0x40,0x80,0x80,0x00,
  0x03,0x09,0x00,0x00,0x00,0x7F,0x52,0x15,0x49,0xD1,0x72,0x00,0x05,0x02,0x01,0x02,0x02,0x08,0x08,0x10,
  0x08,0x10,0x10,0x40,0x40,0x01,0x00,0x00,0x7F,0x91,0x2A,0xCB,0xD0,0xF1,0x81,0x00,0x03,0x01,0x06,0x16,
  0x14,0x04,0x30,0x48,0x60,0x10,0xA0,0x60,0xC1,0x40,0x00,0x05,0x03,0x04,0x01,0x08,0x02,0x10,0x04,0x18,
  0x10,0x70,0x20,0x40,0x40,0x80,0xC0,0x00,0x03,0x01,0x00,0x00,0x7F,0xDA,0x39,0xCB,0xD0,0x71,0x80,0x02,
  0x01,0x05,0x02,0x02,0x08,0x04,0x10,0x08,0x20,0x10,0x40,0x20,0x40,0x40,0x80,0x81,0x00,0x01,0x01,0x02,
  0x02,0x08,0x04,0x10,0x08,0x20,0xD0,0x60,0x20,0x40,0x41,0x80,0x80,0x04,0x04,0x01,0x02,0x02,0x1C,0x1C,
  0x38,0x08,0x50,0xB0,0xA0,0x20,0x40,0x01,0x00,0x00,0x00,0x80,0xF7,0x3B,0xCA,0xD0,0xF1,0x80,0x00,0x09,
  0x0A,0x04,0x02,0x04,0x04,0x18,0x08,0x10,0x10,0x40,0x20,0x80,0x40,0x80,0x80,0x00,0x01,0x01,0x02,0x02,
  0x04,0x04,0x08,0x08,0x10,0x10,0x20,0xE0,0x40,0x40,0x00,0x84,0x00,0x02,0x09,0x02,0x02,0x1C,0x04,0x08,
  0x48,0x10,0x10,0xE0,0x20,0x40,0x40,0x00,0x03,0x01,0x00,0x00,0x81,0x22,0x53,0xCB,0xD0,0xF1,0x82,0x00,
  0x06,0x03,0x02,0x0C,0x04,0x04,0x08,0x10,0x70,0x10,0x20,0x20,0x40,0x40,0x01,0x81,0x01,0x01,0x01,0x06,
  0x02,0x08,0x04,0x08,0x08,0x10,0x10,0x20,0x20,0x40,0x40,0x00,0x81,0x00,0x01,0x08,0x02,0x06,0x04,0x04,
  0x18,0x08,0x20,0x10,0x20,0x20,0x40,0x40,0x80,0x80,0x00,0x01,0x01,0x04,0x02,0x04,0x04,0x08,0x30,0x10,
  0x10,0x20,0x20,0x40,0x41,0x80,0x80,0x00,0x01,0x02,0x06,0x04,0x08,0x00,0x00,0x00,0x00,0x81,0x24,0x59,
  0xBB,0xD0,0x71,0x80,0x01,0x01,0x08,0x02,0x02,0x04,0x04,0x30,0x08,0x10,0x10,0x20,0x20,0x40,0x00,0x81,
  0x80,0x01,0x01,0x01,0x0C,0x02,0x04,0x04,0x08,0x40,0x10,0x10,0x20,0x20,0x40,0x40,0x80,0x80,0x00,0x02,
  0x03,0x02,0x02,0x04,0x04,0x08,0x08,0x10,0x20,0x20,0x20,0x40,0x40,0x80,0x80,0x00,0x01,0x02,0x02,0x02,
  0x04,0x04,0x08,0x08,0x10,0x10,0x20,0x20,0x80,0x40,0x80,0x80,0x00,0x01,0x01,0x02,0x04,0x04,0x04,0x10,
  0x18,0x20,0x10,0x60,0x20,0x00,0x00,0x00,0x81,0x28,0x51,0xCB,0xD0,0xF1,0x83,0x00,0x04,0x03,0x06,0x02,
  0x10,0x04,0x08,0x40,0x10,0x10,0x20,0x20,0xC0,0x40,0x00,0x82,0x01,0x01,0x05,0x04,0x02,0x04,0x04,0x08,
  0x08,0x10,0x10,0x20,0x20,0x80,0x40,0x80,0x80,0x00,0x01,0x05,0x04,0x06,0x0C,0x04,0x20,0x08,0x10,0x10,
  0x40,0x60,0xC0,0x40,0x80,0x80,0x00,0x01,0x01,0x02,0x02,0x04,0x04,0x10,0x08,0x10,0x20,0x40,0x20,0x80,
  0x80,0x80,0x00,0x01,0x03,0x01,0x06,0x00,0x00,0x00,0x00,0x81,0x89,0x4F,0xCB,0xD0,0x71,0x82,0x00,0x05,
  0x04,0x04,0x02,0x0C,0x04,0x08,0x08,0x10,0x10,0x00,0x21,0x40,0x40,0x80,0x00,0x05,0x02,0x01,0x06,0x02,
  0x04,0x04,0x08,0x08,0x10,0x10,0xA0,0x40,0x40,0x40,0x00,0x84,0x01,0x01,0x08,0x02,0x02,0x04,0x04,0x08,
  0x08,0x10,0x10,0x20,0x40,0x40,0x40,0x80,0x80,0x00,0x01,0x01,0x02,0x02,0x04,0x08,0x08,0x08,0x10,0x10,
  0x20,0x20,0x40,0x40,0x80,0x80,0x00,0x01,0x0A,0x00,0x00,0x00,0x81,0xB4,0x5B,0xCB,0xD0,0xF1,0x82,0x00,
  0x05,0x03,0x04,0x02,0x14,0x04,0x08,0x08,0x10,0x80,0x20,0x40,0x40,0x40,0x80,0x80,0x00,0x01,0x01,0x02,
  0x06,0x08,0x04,0x08,0x08,0x10,0x10,0x20,0x20,0x40,0x40,0x80,0x00,0x04,0x01,0x01,0x04,0x02,0x04,0x04,
  0x08,0x08,0x10,0x30,0x40,0x20,0x40,0x40,0x80,0x80,0x00,0x01,0x01,0x02,0x02,0x04,0x20,0x08,0x08,0x80,
  0x10,0x20,0x20,0x40,0x40,0x80,0x80,0x00,0x01,0x01,0x02,0x02,0x04,0x08,0x08,0x08,0x10,0x10,0x20,0x20,
  0x40,0x40,0x00,0x00,0x00,0x81,0xD8,0x6C,0xCB,0xD0,0x71,0x83,0x00,0x01,0x01,0x02,0x02,0x04,0x0C,0x08,
  0x08,0x10,0x10,0x20,0x20,0x80,0x40,0x80,0x80,0x00,0x02,0x01,0x02,0x02,0x04,0x04,0x08,0x08,0x10,0x10,
  0x20,0xC0,0x40,0xC0,0x80,0x80,0x00,0x01,0x01,0x02,0x04,0x04,0x04,0x08,0x08,0x10,0x10,0x40,0x20,0x40,
  0x40,0x80,0x80,0x00,0x01,0x01,0x02,0x02,0x04,0x04,0x08,0x10,0x10,0x30,0x20,0xC0,0x40,0x40,0x80,0x80,
  0x00,0x01,0x01,0x02,0x02,0x04,0x04,0x10,0x08,0x10,0x10,0x20,0xA0,0x80,0x40,0x80,0x80,0x00,0x01,0x01,
  0x02,0x02,0x04,0x0C,0x08,0x10,0x10,0x20,0x20,0x20,0x40,0x40,0x00,0x00,0x00,0x81,0xDE,0x57,0xCB,0xD0,
  0x71,0x80,0x01,0x01,0x03,0x02,0x08,0x04,0x04,0x08,0x08,0x10,0x10,0x20,0x20,0x40,0x80,0x80,0x80,0x00,
  0x01,0x03,0x02,0x0C,0x04,0x04,0x08,0x08,0x10,0x10,0x20,0x40,0x40,0x40,0x80,0x80,0x01,0x01,0x04,0x02,
  0x02,0x08,0x04,0x10,0x08,0x20,0x30,0x20,0x00,0x41,0xC0,0x00,0x81,0x00,0x03,0x01,0x02,0x02,0x04,0x18,
  0x08,0x08,0x10,0x10,0x20,0x20,0x80,0x40,0x80,0x81,0x00,0x01,0x01,0x02,0x0E,0x04,0x08,0x08,0x08,0x60,
  0x00,0x00,0x00,0x00,0x81,0xE8,0x4C,0xCB,0xD0,0xF1,0x82,0x00,0x05,0x04,0x02,0x0E,0x04,0x04,0x08,0x08,
  0x60,0x10,0x20,0x20,0x80,0x40,0x81,0x00,0x02,0x01,0x01,0x06,0x02,0x04,0x04,0x10,0x08,0x10,0x50,0x20,
  0x20,0x80,0x40,0x80,0x83,0x03,0x01,0x04,0x02,0x02,0x04,0x04,0x08,0x08,0x10,0x10,0x20,0x40,0x40,0x40,
  0x80,0x80,0x00,0x01,0x01,0x02,0x02,0x04,0x20,0x08,0x18,0x40,0x10,0x20,0x20,0x40,0x40,0x80,0x80,0x00,
  0x00,0x00,0x81,0xF2,0x53,0xCB,0xD0,0xF1,0x81,0x00,0x03,0x01,0x08,0x08,0x08,0x0C,0x10,0x08,0x20,0x10,
  0x20,0x20,0x80,0x40,0x00,0x01,0x05,0x01,0x01,0x04,0x02,0x04,0x04,0x28,0x20,0x10,0x10,0x20,0x60,0x40,
  0x40,0x00,0x81,0x00,0x01,0x01,0x02,0x02,0x04,0x04,0x08,0x20,0x10,0x10,0x20,0x20,0x40,0x40,0x80,0x81,
  0x00,0x02,0x01,0x02,0x14,0x04,0x04,0x18,0x08,0x10,0x20,0x20,0x20,0x40,0x40,0x80,0x00,0x01,0x02,0x01,
  0x02,0x02,0x08,0x0C,0x00,0x00,0x00,0x82,0x78,0x59,0xCB,0xD0,0x71,0x81,0x00,0x05,0x01,0x08,0x02,0x14,
  0x04,0x10,0x08,0x10,0x10,0x20,0x20,0x40,0x40,0x80,0x80,0x00,0x01,0x02,0x02,0x02,0x04,0x04,0x08,0x08,
  0x10,0x10,0x20,0x40,0x40,0x40,0x80,0x80,0x00,0x01,0x01,0x02,0x02,0x04,0x08,0x08,0x08,0x10,0x10,0x20,
  0x20,0x40,0x40,0x80,0x00,0x03,0x01,0x05,0x04,0x02,0x04,0x04,0x18,0x08,0x10,0x10,0x40,0x20,0x40,0x41,
  0x00,0x82,0x00,0x05,0x01,0x06,0x02,0x18,0x04,0x10,0x08,0x70,0x10,0x40,0x00,0x00,0x00,0x00,0x82,0x83,
  0x37,0xCB,0xD0,0xF1,0x81,0x00,0x03,0x01,0x06,0x16,0x0C,0x04,0x18,0x08,0x10,0x51,0xC0,0x20,0xC0,0x40,
  0x00,0x83,0x00,0x03,0x01,0x0C,0x04,0x08,0x04,0x30,0x08,0x10,0x10,0x20,0x20,0x80,0x41,0x80,0x80,0x00,
  0x01,0x01,0x04,0x02,0x08,0x04,0x20,0x08,0x20,0x30,0xC0,0x60,0x00,0x00,0x00,0x82,0xA3,0x2F,0xCB,0xD0,
  0xF1,0x81,0x00,0x03,0x01,0x06,0x16,0x0C,0x04,0x18,0x08,0xE0,0xB0,0xC0,0x20,0x40,0x42,0x80,0x04,0x01,
  0x02,0x01,0x08,0x04,0x04,0x04,0x18,0x08,0x10,0x20,0x60,0x20,0x00,0x41,0x80,0x82,0x00,0x0A,0x01,0x0A,
  0x00,0x00,0x00,0x00,0x82,0xE2,0x28,0xCB,0xD0,0xF1,0x81,0x00,0x03,0x01,0x06,0x16,0x0C,0x04,0x18,0x08,
  0xF0,0x90,0x40,0x20,0xC0,0x41,0x00,0x81,0x04,0x02,0x01,0x14,0x14,0x04,0x04,0x40,0x08,0x10,0xA0,0x20,
  0x20,0x00,0x42,0x00,0x00,0x00,0x83,0x00,0x3B,0xCB,0xD0,0x71,0x81,0x00,0x05,0x01,0x04,0x16,0x08,0x04,
  0x28,0x08,0x50,0x10,0x40,0x20,0x00,0x81,0x02,0x82,0x00,0x02,0x01,0x04,0x02,0x04,0x28,0x08,0x08,0x20,
  0x10,0x40,0x20,0x00,0xC1,0x02,0x81,0x00,0x03,0x01,0x06,0x02,0x04,0x04,0x20,0x08,0x10,0x20,0x20,0x20,
  0x40,0x41,0x00,0x02,0x00,0x00,0x00,0x83,0x3B,0x55,0xCB,0xD0,0x71,0x81,0x00,0x05,0x01,0x04,0x02,0x04,
  0x04,0x08,0x08,0x10,0x10,0x20,0x20,0x40,0x80,0x80,0x80,0x00,0x01,0x01,0x02,0x02,0x04,0x04,0x08,0x30,
  0x10,0x50,0x20,0x20,0x80,0x41,0x00,0x81,0x00,0x0C,0x01,0x0A,0x02,0x08,0x04,0x08,0x08,0x10,0x10,0x20,
  0x20,0x40,0x40,0x80,0x00,0x01,0x01,0x01,0x02,0x02,0x04,0x04,0x08,0x08,0x10,0x60,0x20,0xA0,0x40,0x40,
  0x00,0x81,0x00,0x03,0x01,0x02,0x04,0x1C,0x04,0x10,0x00,0x00,0x00,0x00,0x83,0xD1,0x39,0xCB,0xD0,0xF1,
  0x81,0x00,0x03,0x01,0x06,0x16,0x0C,0x04,0x18,0x08,0x40,0x10,0x60,0x20,0xC0,0x40,0x80,0x80,0x00,0x03,
  0x01,0x06,0x02,0x0C,0x04,0x18,0x08,0x30,0x10,0xA0,0x21,0x81,0x40,0x80,0x81,0x00,0x03,0x01,0x04,0x12,
  0x08,0x04,0x18,0x08,0x30,0x10,0x40,0x20,0x41,0x00,0x00,0x00,0x00,0x84,0x4B,0x4F,0xCB,0xD0,0xF1,0x81,
  0x00,0x03,0x01,0x06,0x16,0x0C,0x04,0x18,0x08,0x90,0x10,0xA0,0x80,0x40,0x40,0x81,0x80,0x00,0x02,0x02,
  0x08,0x02,0x04,0x10,0x08,0x18,0x10,0x10,0x20,0x20,0x80,0x40,0x80,0x80,0x00,0x01,0x01,0x02,0x02,0x04,
  0x10,0x08,0x08,0x10,0x10,0x20,0x20,0x40,0x40,0x00,0x81,0x00,0x01,0x03,0x02,0x02,0x04,0x04,0x10,0x08,
  0x10,0x10,0x60,0x40,0x80,0x80,0x80,0x01,0x01,0x01,0x00,0x00,0x00,0x00,0x84,0x90,0x39,0xCB,0xD0,0x71,
  0x81,0x00,0x05,0x01,0x04,0x16,0x08,0x04,0x08,0x08,0x30,0x10,0x60,0x20,0x81,0x40,0x80,0x81,0x00,0x03,
  0x01,0x04,0x12,0x08,0x04,0x10,0x08,0x40,0x10,0x40,0x20,0x41,0x41,0x80,0x80,0x00,0x01,0x01,0x0A,0x02,
  0x04,0x14,0x18,0x08,0x20,0x10,0x80,0x60,0x00,0x41,0x01,0x00,0x00,0x84,0xCF,0x5B,0xCB,0xD0,0xF1,0x81,
  0x00,0x03,0x01,0x06,0x16,0x0C,0x04,0x18,0x08,0x70,0x10,0x80,0x20,0x40,0x00,0x81,0x00,0x02,0x02,0x01,
  0x02,0x02,0x08,0x04,0x08,0x08,0x10,0x10,0x20,0x20,0x40,0x80,0x80,0x80,0x00,0x01,0x01,0x02,0x02,0x04,
  0x04,0x08,0x08,0x10,0x20,0x20,0x20,0x40,0x40,0x80,0x80,0x00,0x01,0x01,0x04,0x02,0x04,0x04,0x10,0x10,
  0x10,0x20,0x20,0x20,0x40,0x80,0x00,0x81,0x00,0x01,0x01,0x02,0x02,0x08,0x04,0x08,0x08,0x30,0x30,0x40,
  0x60,0x40,0x00,0x00,0x00,0x00,0x85,0x00,0x44,0xCB,0xD0,0x71,0x81,0x00,0x05,0x01,0x04,0x16,0x08,0x04,
  0x28,0x08,0x50,0x10,0x00,0xA1,0x40,0x00,0x81,0x80,0x00,0x03,0x01,0x02,0x02,0x08,0x04,0x10,0x08,0x10,
  0x10,0x40,0x20,0x80,0x40,0x82,0x80,0x00,0x08,0x01,0x04,0x02,0x04,0x14,0x08,0x10,0x10,0x10,0x20,0x20,
  0xC0,0x40,0x80,0x80,0x00,0x01,0x01,0x04,0x0A,0x04,0x04,0x18,0x00,0x00,0x00,0x00,0x85,0xDF,0x3E,0xCB,
  0xD0,0xF1,0x81,0x00,0x03,0x01,0x06,0x16,0x0C,0x04,0x18,0x08,0x50,0x70,0x80,0x20,0x80,0x40,0x00,0x81,
  0x00,0x04,0x07,0x08,0x02,0x08,0x04,0x10,0x08,0x20,0xC0,0x20,0x20,0x40,0x40,0x80,0x80,0x00,0x01,0x01,
  0x02,0x0C,0x04,0x18,0x08,0x08,0x10,0x10,0x20,0x20,0x40,0x40,0x80,0x00,0x03,0x01,0x05,0x00,0x00,0x00,
  0x86,0x69,0x5D,0xCB,0xD0,0x71,0x80,0x00,0x01,0x01,0x02,0x02,0x08,0x10,0x08,0x18,0x30,0x10,0xA0,0x20,
  0x80,0x80,0x81,0x80,0x01,0x01,0x01,0x02,0x02,0x08,0x04,0x08,0x08,0x10,0x10,0x20,0x20,0x40,0xC0,0x00,
  0x81,0x01,0x01,0x03,0x04,0x02,0x04,0x04,0x08,0x08,0x10,0x10,0x40,0x60,0x40,0xC0,0x80,0x80,0x00,0x07,
  0x01,0x04,0x02,0x04,0x0C,0x10,0x18,0x10,0x10,0x20,0x20,0x40,0x40,0x80,0x80,0x00,0x01,0x01,0x02,0x04,
  0x04,0x04,0x08,0x08,0x20,0x20,0x20,0x20,0x40,0x40,0x00,0x01,0x01,0x00,0x00,0x88,0x4E,0x48,0xCB,0xD0,
  0x71,0x81,0x00,0x09,0x01,0x04,0x06,0x04,0x10,0x20,0x08,0x70,0x10,0x40,0x20,0x80,0x41,0x80,0x81,0x00,
  0x02,0x05,0x06,0x02,0x0C,0x04,0x10,0x08,0x10,0x50,0x20,0x20,0x80,0x40,0x80,0x81,0x00,0x03,0x01,0x04,
  0x02,0x0C,0x04,0x18,0x08,0x20,0x10,0x60,0x20,0xC0,0x40,0x00,0x81,0x00,0x03,0x01,0x06,0x02,0x08,0x04,
  0x18,0x08,0x20,0x20,0x20,0x00,0x00,0x00,0x00,0x88,0x5B,0x4F,0xCB,0xD0,0x71,0x81,0x00,0x02,0x01,0x0C,
  0x02,0x04,0x10,0x08,0x20,0x30,0x10,0x20,0x20,0x80,0x81,0x01,0x82,0x00,0x01,0x01,0x04,0x02,0x04,0x14,
  0x08,0x20,0x20,0x10,0x40,0x20,0xC0,0x40,0x80,0x81,0x00,0x02,0x01,0x04,0x08,0x04,0x04,0x10,0x08,0x10,
  0x10,0x20,0x20,0xC0,0x40,0x00,0x81,0x00,0x01,0x05,0x02,0x02,0x08,0x04,0x18,0x08,0x30,0x10,0x40,0x20,
  0xC0,0x40,0x00,0x01,0x01,0x01,0x00,0x00,0x00,0x00,0x88,0xBD,0x66,0xCB,0xD0,0x71,0x80,0x00,0x04,0x01,
  0x0C,0x02,0x0C,0x04,0x28,0x18,0x20,0x10,0x40,0x60,0x80,0x40,0x81,0x80,0x00,0x01,0x01,0x02,0x02,0x08,
  0x04,0x08,0x08,0x10,0x10,0x20,0x20,0x40,0x80,0x80,0x80,0x00,0x01,0x01,0x02,0x02,0x04,0x0C,0x10,0x08,
  0x10,0x10,0x20,0x20,0x40,0x40,0x80,0x80,0x01,0x02,0x01,0x02,0x02,0x04,0x04,0x08,0x08,0x20,0x10,0x20,
  0x20,0x40,0x40,0x80,0x80,0x00,0x01,0x01,0x06,0x02,0x08,0x0C,0x08,0x08,0x20,0x10,0x20,0x20,0x40,0x40,
  0x80,0x80,0x00,0x01,0x01,0x02,0x02,0x08,0x04,0x20,0x00,0x00,0x00,0x00,0x89,0xC0,0x4F,0xCB,0xD0,0xF1,
  0x80,0x00,0x03,0x01,0x04,0x14,0x04,0x04,0x08,0x08,0x10,0x10,0x60,0x20,0x80,0x80,0x81,0x80,0x01,0x01,
  0x01,0x02,0x04,0x04,0x04,0x08,0x08,0x10,0x10,0x20,0xC0,0x40,0xC0,0x80,0x80,0x00,0x01,0x01,0x02,0x02,
  0x04,0x04,0x20,0x08,0x10,0x80,0x20,0x60,0x40,0x40,0x00,0x81,0x00,0x04,0x01,0x04,0x0C,0x08,0x04,0x10,
  0x08,0x20,0x10,0x80,0x40,0x40,0x80,0x81,0x80,0x00,0x01,0x01,0x00,0x00,0x00,0x8B,0x90,0x39,0xCB,0xD0,
  0xF1,0x80,0x00,0x01,0x01,0x06,0x02,0x04,0x04,0x10,0x20,0x10,0x70,0x20,0x20,0x40,0x80,0x80,0x80,0x00,
  0x03,0x04,0x02,0x0A,0x04,0x04,0x08,0x08,0x20,0x10,0x20,0x20,0xC0,0x00,0x81,0x80,0x02,0x04,0x01,0x0C,
  0x16,0x30,0x24,0x18,0x08,0x50,0x10,0x80,0xE0,0x80,0x00,0x00,0x00,0x00,0x8C,0x5C,0x5B,0xBB,0xD0,0x71,
  0x80,0x02,0x01,0x05,0x04,0x02,0x10,0x04,0x08,0x08,0x20,0x10,0x20,0x20,0x40,0x40,0x80,0x80,0x00,0x01,
  0x01,0x02,0x02,0x08,0x08,0x10,0x08,0x10,0x10,0x60,0x40,0x80,0x40,0x81,0x80,0x00,0x01,0x01,0x06,0x02,
  0x04,0x04,0x08,0x08,0x20,0x20,0x40,0x20,0x40,0x40,0x80,0x01,0x01,0x01,0x01,0x02,0x02,0x04,0x04,0x10,
  0x08,0x10,0x10,0x40,0x20,0x80,0x40,0x80,0x80,0x00,0x02,0x01,0x04,0x02,0x08,0x04,0x10,0x10,0x20,0x10,
  0x60,0x20,0x40,0x00,0x00,0x00,0x00,0x8C,0x6E,0x55,0xCB,0xD0,0x71,0x84,0x00,0x02,0x05,0x02,0x0A,0x08,
  0x04,0x28,0x08,0x30,0x10,0x20,0x20,0x40,0x40,0x80,0x80,0x00,0x01,0x01,0x02,0x02,0x08,0x08,0x08,0x28,
  0x20,0x20,0x60,0x20,0x40,0x40,0x00,0x81,0x00,0x01,0x01,0x04,0x0C,0x08,0x08,0x08,0x08,0x30,0x10,0x40,
  0x40,0x40,0x80,0x80,0x80,0x00,0x01,0x01,0x02,0x02,0x04,0x04,0x10,0x08,0x10,0x10,0x20,0x40,0x80,0x40,
  0x80,0x81,0x00,0x01,0x01,0x04,0x04,0x0C,0x04,0x18,0x08,0x00,0x00,0x00,0x8C,0x75,0x64,0xCB,0xD0,0xF1,
  0x82,0x00,0x01,0x01,0x02,0x02,0x04,0x0C,0x10,0x08,0x10,0x10,0x20,0x20,0x80,0x40,0x00,0x81,0x00,0x02,
  0x01,0x02,0x02,0x04,0x04,0x08,0x08,0x20,0x10,0x20,0x20,0x40,0x40,0x80,0x01,0x01,0x01,0x02,0x02,0x02,
  0x04,0x04,0x08,0x10,0x10,0x20,0xA0,0x20,0x40,0x40,0x00,0x81,0x00,0x03,0x01,0x06,0x04,0x04,0x04,0x08,
  0x08,0x10,0x10,0x40,0x40,0x80,0x40,0x80,0x80,0x00,0x01,0x03,0x02,0x02,0x08,0x04,0x08,0x08,0x10,0x10,
  0x60,0x20,0x80,0x80,0x80,0x00,0x01,0x01,0x02,0x06,0x02,0x0C,0x08,0x00,0x00,0x00,0x8C,0xD5,0x4F,0xCB,
  0xD0,0xF1,0x83,0x00,0x01,0x01,0x02,0x08,0x0C,0x04,0x10,0x10,0x20,0x10,0x60,0x20,0xC0,0x00,0x81,0x80,
  0x03,0x02,0x01,0x06,0x02,0x0C,0x10,0x08,0x08,0x10,0x20,0x40,0x20,0x80,0x40,0x00,0x81,0x01,0x01,0x02,
  0x04,0x02,0x08,0x08,0x08,0x08,0x10,0x40,0x20,0x20,0x40,0x40,0x80,0x80,0x00,0x05,0x01,0x04,0x02,0x08,
  0x04,0x08,0x10,0x40,0x10,0x60,0x20,0x80,0x40,0x00,0x01,0x01,0x03,0x00,0x00,0x00,0x00,0x8C,0xEB,0x40,
  0xCB,0xD0,0xF1,0x82,0x00,0x06,0x09,0x06,0x02,0x08,0x04,0x10,0x08,0x30,0x10,0x20,0x20,0x40,0x40,0x80,
  0x80,0x00,0x01,0x01,0x02,0x18,0x24,0x04,0x08,0x48,0x20,0x10,0x20,0x20,0x80,0x40,0x00,0x81,0x00,0x02,
  0x01,0x04,0x02,0x08,0x04,0x08,0x08,0x20,0x90,0x60,0x20,0x40,0x41,0x80,0x81,0x00,0x07,0x01,0x02,0x00,
  0x00,0x00,0x00,0x8E,0x50,0x59,0xCB,0xD0,0x71,0x82,0x00,0x02,0x01,0x04,0x0A,0x04,0x04,0x08,0x08,0x10,
  0x10,0x20,0x20,0x80,0x80,0x00,0x81,0x00,0x02,0x02,0x04,0x02,0x08,0x04,0x08,0x08,0x20,0x40,0x20,0x20,
  0xC0,0x40,0x80,0x81,0x00,0x01,0x07,0x04,0x02,0x08,0x04,0x18,0x08,0x10,0x10,0x20,0x40,0x40,0x40,0x81,
  0x80,0x00,0x01,0x01,0x04,0x02,0x0C,0x04,0x08,0x08,0x10,0x10,0x40,0xA0,0x40,0x40,0x80,0x00,0x01,0x01,
  0x01,0x06,0x02,0x04,0x08,0x18,0x08,0x20,0x20,0x20,0x00,0x00,0x00,0x00,0x8E,0x5A,0x48,0xCB,0xD0,0x71,
  0x82,0x00,0x02,0x01,0x04,0x0A,0x04,0x04,0x08,0x08,0x10,0x10,0x20,0x20,0x80,0x40,0x02,0x01,0x01,0x05,
  0x05,0x02,0x0A,0x0C,0x04,0x10,0x08,0x30,0x10,0x60,0x20,0x80,0x40,0x80,0x81,0x00,0x01,0x01,0x02,0x04,
  0x04,0x14,0x08,0x08,0x10,0x10,0x80,0x20,0xC0,0x40,0x80,0x80,0x00,0x02,0x05,0x02,0x02,0x04,0x08,0x18,
  0x08,0x30,0x20,0x40,0xE0,0x00,0x00,0x00,0x8E,0x62,0x53,0xCB,0xD0,0x71,0x00,0x02,0x03,0x01,0x06,0x02,
  0x08,0x24,0x10,0x08,0x10,0x10,0x60,0x20,0x40,0x00,0x01,0x81,0x00,0x01,0x01,0x08,0x02,0x04,0x1C,0x10,
  0x08,0x10,0x10,0x40,0x20,0x80,0x80,0x80,0x80,0x01,0x01,0x03,0x02,0x04,0x04,0x04,0x08,0x08,0x20,0x10,
  0x40,0x40,0x40,0x40,0x80,0x80,0x00,0x01,0x03,0x02,0x04,0x04,0x0C,0x08,0x08,0x10,0x10,0x20,0x60,0x80,
  0x40,0x80,0x80,0x01,0x01,0x01,0x08,0x02,0x10,0x08,0x00,0x00,0x00,0x8E,0x8A,0x40,0xCB,0xD0,0xF1,0x83,
  0x00,0x03,0x0C,0x04,0x02,0x0C,0x04,0x18,0x08,0x20,0x10,0x20,0x40,0x41,0x42,0x80,0x80,0x03,0x02,0x01,
  0x08,0x02,0x08,0x08,0x08,0x10,0x10,0x50,0x20,0x20,0x40,0x40,0x00,0x83,0x00,0x01,0x01,0x02,0x02,0x04,
  0x20,0x08,0x18,0x10,0x10,0x40,0x20,0x40,0x80,0x00,0x81,0x01,0x01,0x02,0x02,0x00,0x00,0x00,0x00,0x8E,
  0xD1,0x48,0xCB,0xD0,0x71,0x81,0x00,0x04,0x01,0x06,0x0A,0x08,0x04,0x28,0x08,0x40,0x10,0x60,0x80,0x41,
  0x40,0x80,0x80,0x00,0x02,0x01,0x06,0x0A,0x08,0x04,0x18,0x08,0x10,0x10,0x20,0x20,0x40,0x40,0x80,0x80,
  0x00,0x02,0x05,0x02,0x02,0x04,0x04,0x20,0x08,0x30,0x10,0x20,0x20,0x80,0x80,0x81,0x81,0x00,0x03,0x01,
  0x04,0x02,0x0C,0x04,0x18,0x08,0x10,0x10,0xA0,0x20,0x00,0x00,0x00,0x8F,0x05,0x4F,0xCB,0xD0,0x71,0x81,
  0x00,0x03,0x01,0x08,0x0A,0x04,0x10,0x18,0x08,0x20,0x10,0x60,0x20,0x40,0x40,0x81,0x80,0x00,0x02,0x01,
  0x02,0x02,0x04,0x04,0x08,0x08,0x20,0x20,0x40,0xA0,0x40,0x40,0x00,0x81,0x00,0x01,0x01,0x02,0x02,0x04,
  0x08,0x20,0x30,0x10,0x40,0x60,0x20,0xC0,0x40,0x00,0x81,0x00,0x01,0x05,0x02,0x02,0x08,0x04,0x18,0x08,
  0x30,0x40,0x60,0x20,0xC0,0x40,0x00,0x81,0x00,0x01,0x00,0x00,0x00,0x00,0x8F,0x2E,0x48,0xCB,0xD0,0x71,
  0x81,0x00,0x03,0x04,0x02,0x0A,0x08,0x04,0x08,0x08,0x30,0x10,0xA0,0x20,0x80,0x00,0x83,0x80,0x00,0x01,
  0x01,0x04,0x04,0x04,0x18,0x08,0x08,0x10,0x10,0x40,0x20,0x40,0x40,0x80,0x00,0x01,0x01,0x02,0x04,0x0A,
  0x08,0x04,0x28,0x08,0x20,0xB0,0x20,0x60,0x00,0x41,0x00,0x81,0x00,0x01,0x01,0x02,0x02,0x0C,0x04,0x08,
  0x08,0x20,0x10,0x40,0x20,0x00,0x00,0x00,0x8F,0x39,0x46,0xCB,0xD0,0x71,0x81,0x00,0x03,0x09,0x02,0x02,
  0x1C,0x04,0x18,0x20,0x10,0x50,0x20,0x20,0x80,0x40,0x80,0x80,0x00,0x01,0x01,0x02,0x02,0x04,0x10,0x08,
  0x28,0x10,0x10,0x40,0x20,0x40,0x40,0x80,0x80,0x00,0x01,0x01,0x02,0x08,0x04,0x14,0x10,0x08,0x50,0x10,
  0x60,0x80,0x40,0xC0,0x01,0x81,0x00,0x03,0x01,0x08,0x04,0x10,0x04,0x10,0x10,0x20,0x20,0x00,0x00,0x00,
  0x8F,0xB5,0x31,0xCB,0xD0,0xF1,0x03,0x01,0x06,0x03,0x0A,0x06,0x0C,0x08,0x30,0x18,0x50,0x30,0xA0,0x40,
  0x80,0xC1,0x80,0x82,0x01,0x05,0x03,0x04,0x02,0x1C,0x04,0x10,0x28,0x30,0x10,0x40,0x20,0x80,0x41,0x80,
  0x80,0x00,0x01,0x01,0x0A,0x02,0x0C,0x1C,0x00,0x00,0x00,0x90,0x23,0x3E,0xCB,0xD0,0x71,0x80,0x00,0x05,
  0x01,0x0A,0x02,0x04,0x1C,0x38,0x08,0x70,0x70,0x20,0x40,0x40,0x40,0x00,0x81,0x00,0x02,0x01,0x04,0x02,
  0x04,0x1C,0x10,0x08,0x10,0x10,0x40,0x20,0x80,0x40,0x00,0x81,0x00,0x01,0x07,0x04,0x02,0x10,0x04,0x28,
  0x08,0x10,0x80,0x20,0x20,0x00,0x41,0x00,0x82,0x00,0x01,0x09,0x00,0x00,0x00,0x90,0x85,0x40,0xCB,0xD0,
  0x71,0x80,0x00,0x05,0x01,0x0A,0x14,0x0C,0x04,0x08,0x08,0x10,0x10,0x20,0x20,0x00,0x41,0x80,0x80,0x01,
  0x01,0x01,0x02,0x04,0x04,0x04,0x28,0x08,0x20,0x10,0x20,0xE0,0x80,0x40,0x00,0x81,0x00,0x03,0x01,0x06,
  0x02,0x08,0x14,0x18,0x08,0x20,0x10,0x60,0x20,0xC0,0x80,0x82,0x80,0x00,0x09,0x01,0x02,0x12,0x00,0x00,
  0x00,0x91,0x9C,0x4A,0xCB,0xD0,0x71,0x84,0x00,0x02,0x05,0x04,0x02,0x14,0x04,0x18,0x50,0x10,0x10,0x20,
  0x20,0x40,0x80,0x80,0x80,0x00,0x01,0x01,0x02,0x0C,0x04,0x04,0x08,0x08,0x10,0x10,0x20,0x20,0x40,0xC0,
  0x80,0x00,0x01,0x01,0x06,0x06,0x02,0x08,0x04,0x08,0x08,0x10,0x50,0x40,0x40,0x40,0x80,0x80,0x81,0x00,
  0x01,0x01,0x02,0x10,0x04,0x04,0x08,0x08,0x20,0x10,0x60,0x40,0xC0,0x80,0x00,0x00,0x00,0x95,0xA4,0x40,
  0xCB,0xD0,0x71,0x00,0x02,0x03,0x05,0x04,0x02,0x0C,0x04,0x10,0x28,0x30,0x50,0x40,0x20,0xC0,0x40,0x00,
  0x81,0x02,0x01,0x01,0x02,0x0A,0x0C,0x04,0x08,0x08,0x30,0x20,0x40,0x20,0xC0,0x40,0x00,0x01,0x02,0x01,
  0x03,0x02,0x08,0x24,0x08,0x08,0x38,0x10,0x20,0x20,0x20,0x40,0x41,0x80,0x00,0x01,0x01,0x07,0x02,0x02,
  0x00,0x00,0x00,0x96,0x70,0x46,0xCB,0xD0,0xF1,0x83,0x00,0x03,0x04,0x04,0x02,0x04,0x04,0x10,0x08,0x20,
  0x10,0x20,0x20,0xC0,0x40,0x80,0x80,0x00,0x02,0x02,0x04,0x02,0x08,0x08,0x08,0x08,0x20,0x50,0x20,0x20,
  0x40,0x40,0x80,0x82,0x00,0x02,0x01,0x04,0x02,0x04,0x14,0x08,0x08,0x20,0x10,0xE0,0x20,0x80,0xC0,0x82,
  0x81,0x00,0x04,0x01,0x08,0x02,0x0C,0x04,0x08,0x08,0x40,0x60,0x00,0x00,0x00,0x96,0xCB,0x35,0xCB,0xD0,
  0xF1,0x81,0x00,0x03,0x01,0x0A,0x12,0x04,0x08,0x18,0x08,0x40,0x10,0x20,0x00,0xC1,0x40,0x80,0x81,0x00,
  0x06,0x08,0x06,0x02,0x0C,0x04,0x30,0x48,0x20,0x10,0x20,0x81,0x40,0x00,0x01,0x81,0x00,0x02,0x03,0x04,
  0x02,0x08,0x04,0x30,0x10,0x10,0x00,0x00,0x00,0x00,0x96,0xE2,0x55,0xCB,0xD0,0x71,0x81,0x00,0x04,0x01,
  0x02,0x02,0x04,0x14,0x10,0x08,0x40,0x10,0x20,0x20,0x80,0x80,0x81,0x80,0x00,0x01,0x01,0x02,0x02,0x04,
  0x04,0x10,0x10,0x10,0x40,0x20,0x20,0x80,0x40,0x81,0x80,0x02,0x02,0x01,0x06,0x02,0x04,0x04,0x10,0x28,
  0x10,0x10,0x20,0x20,0x80,0x40,0x80,0x80,0x00,0x01,0x01,0x02,0x0C,0x04,0x0C,0x08,0x08,0x10,0x10,0x40,
  0x20,0xC0,0x40,0x80,0x80,0x00,0x01,0x01,0x04,0x02,0x08,0x08,0x08,0x28,0x00,0x00,0x00,0x97,0x8F,0x3E,
  0xCB,0xD0,0xF1,0x80,0x01,0x01,0x04,0x08,0x02,0x08,0x04,0x10,0x08,0x40,0x10,0x40,0x40,0x40,0x40,0x00,
  0x02,0x01,0x01,0x01,0x02,0x04,0x04,0x0C,0x10,0x08,0x40,0x20,0x60,0x20,0xC0,0x40,0x00,0x82,0x04,0x04,
  0x01,0x06,0x02,0x14,0x1C,0x20,0x08,0x20,0x10,0x40,0x20,0x80,0xC0,0x82,0x82,0x00,0x05,0x00,0x00,0x00,
  0x00,0x97,0xB6,0x42,0xCB,0xD0,0x71,0x81,0x00,0x04,0x03,0x04,0x0A,0x04,0x04,0x08,0x08,0x20,0x10,0x20,
  0x20,0x40,0x00,0x83,0x80,0x00,0x01,0x01,0x04,0x02,0x0C,0x04,0x10,0x08,0x20,0x10,0x40,0x20,0x40,0x40,
  0x80,0x80,0x00,0x01,0x01,0x04,0x12,0x10,0x04,0x18,0x08,0x50,0x70,0x80,0x20,0x80,0x40,0x00,0x81,0x00,
  0x02,0x0B,0x0A,0x02,0x14,0x00,0x00,0x00,0x00,0x98,0x04,0x4F,0xCB,0xD0,0xF1,0x80,0x00,0x0A,0x01,0x06,
  0x0C,0x04,0x04,0x28,0x08,0x30,0x40,0x20,0xC0,0x40,0x40,0x80,0x80,0x00,0x01,0x01,0x08,0x02,0x04,0x04,
  0x08,0x08,0x10,0x60,0x20,0x20,0x40,0x40,0x80,0x80,0x00,0x04,0x01,0x02,0x02,0x04,0x04,0x08,0x30,0x10,
  0x10,0x20,0x20,0x40,0x40,0x00,0x82,0x00,0x01,0x01,0x02,0x10,0x04,0x04,0x08,0x08,0x20,0x10,0x40,0x20,
  0x40,0x40,0x00,0x82,0x00,0x04,0x01,0x00,0x00,0x00,0x98,0x99,0x57,0xCB,0xD0,0x71,0x80,0x02,0x01,0x06,
  0x02,0x02,0x04,0x04,0x18,0x08,0x20,0x50,0x40,0x20,0xC0,0x40,0x80,0x80,0x00,0x01,0x01,0x02,0x14,0x04,
  0x04,0x18,0x08,0x20,0x10,0x60,0x20,0x40,0x40,0x80,0x00,0x03,0x01,0x01,0x02,0x02,0x04,0x08,0x08,0x08,
  0x10,0x10,0x20,0x20,0x40,0x40,0x80,0x00,0x01,0x01,0x03,0x02,0x02,0x04,0x04,0x08,0x30,0x30,0x10,0x40,
  0x20,0xC0,0x40,0x00,0x81,0x00,0x01,0x01,0x02,0x02,0x08,0x08,0x08,0x08,0x30,0x10,0x00,0x00,0x00,0x98,
  0xCF,0x4F,0xCB,0xD0,0x71,0x03,0x02,0x01,0x05,0x06,0x02,0x08,0x04,0x18,0x08,0x20,0x10,0x60,0x20,0xC0,
  0x40,0x80,0x80,0x03,0x01,0x02,0x02,0x02,0x04,0x04,0x08,0x10,0x10,0x10,0x20,0x20,0x40,0x40,0x80,0x80,
  0x00,0x01,0x02,0x02,0x02,0x04,0x08,0x10,0x08,0x10,0x20,0x20,0x20,0x40,0x40,0x00,0x81,0x00,0x02,0x03,
  0x02,0x04,0x04,0x04,0x10,0x18,0x30,0x10,0xC0,0x20,0xC0,0x40,0x80,0x82,0x00,0x05,0x06,0x00,0x00,0x00,
  0x99,0x17,0x53,0xCB,0xD0,0x71,0x81,0x00,0x04,0x01,0x08,0x02,0x04,0x04,0x18,0x08,0x30,0x10,0x20,0x20,
  0x40,0xC0,0x81,0x80,0x01,0x03,0x01,0x08,0x02,0x04,0x04,0x08,0x28,0x20,0x30,0x20,0x20,0x40,0x40,0x80,
  0x80,0x00,0x02,0x01,0x02,0x02,0x04,0x14,0x10,0x18,0x30,0x10,0x80,0x20,0x00,0xC1,0x80,0x81,0x00,0x01,
  0x01,0x02,0x02,0x04,0x04,0x08,0x08,0x20,0x20,0x20,0x20,0x80,0x40,0x00,0x81,0x00,0x01,0x01,0x0A,0x02,
  0x0C,0x00,0x00,0x00,0x00,0x99,0x3D,0x57,0xCB,0xD0,0xF1,0x80,0x00,0x05,0x01,0x06,0x02,0x04,0x04,0x18,
  0x08,0x50,0x10,0x40,0xC0,0x40,0xC0,0x80,0x80,0x00,0x02,0x01,0x02,0x02,0x04,0x04,0x08,0x08,0x10,0x60,
  0x20,0x60,0x40,0x40,0x80,0x80,0x00,0x02,0x01,0x02,0x02,0x04,0x04,0x08,0x30,0x10,0x30,0x60,0x20,0x40,
  0x40,0x00,0x81,0x00,0x04,0x01,0x02,0x02,0x04,0x04,0x08,0x08,0x10,0x10,0x40,0x20,0x40,0xC0,0x80,0x00,
  0x01,0x01,0x02,0x04,0x02,0x08,0x08,0x10,0x08,0x40,0x30,0x00,0x00,0x00,0x99,0x4B,0x53,0xCB,0xD0,0x71,
  0x81,0x00,0x04,0x01,0x08,0x02,0x04,0x04,0x08,0x28,0x10,0x10,0x20,0x20,0x40,0x80,0x80,0x80,0x00,0x01,
  0x01,0x04,0x06,0x04,0x14,0x10,0x08,0x10,0x10,0x60,0x20,0x00,0x81,0x82,0x80,0x00,0x01,0x01,0x02,0x02,
  0x0C,0x04,0x10,0x18,0x10,0x50,0x40,0x20,0xC0,0x40,0x80,0x81,0x00,0x02,0x01,0x02,0x02,0x04,0x14,0x10,
  0x10,0x10,0x10,0x20,0x20,0x40,0x40,0x80,0x81,0x00,0x03,0x01,0x06,0x02,0x04,0x00,0x00,0x00,0x00,0x9A,
  0x56,0x5B,0xCB,0xD0,0x71,0x00,0x02,0x01,0x01,0x04,0x02,0x08,0x04,0x08,0x08,0x10,0x30,0x20,0x20,0x40,
  0x40,0x81,0x80,0x00,0x02,0x01,0x04,0x02,0x04,0x04,0x08,0x60,0x10,0x10,0x20,0x20,0x80,0x40,0x80,0x80,
  0x00,0x01,0x03,0x02,0x02,0x08,0x10,0x20,0x08,0x10,0x10,0x60,0x80,0x40,0x40,0x80,0x80,0x00,0x01,0x01,
  0x02,0x02,0x04,0x04,0x10,0x10,0x20,0x10,0x20,0x80,0x40,0x40,0x80,0x00,0x01,0x02,0x01,0x02,0x02,0x04,
  0x04,0x08,0x10,0x10,0x20,0x20,0x60,0xC0,0x40,0x00,0x00,0x00,0x9A,0x6A,0x44,0xCB,0xD0,0x71,0x82,0x01,
  0x01,0x08,0x0C,0x02,0x04,0x04,0x08,0x18,0x10,0x80,0x20,0x20,0x40,0x40,0x80,0x00,0x01,0x01,0x01,0x08,
  0x02,0x0C,0x30,0x08,0x08,0x10,0x10,0x20,0x20,0x40,0x40,0x00,0x81,0x05,0x04,0x01,0x02,0x02,0x04,0x04,
  0x08,0x10,0x10,0x10,0x20,0x00,0xC1,0x40,0x80,0x80,0x00,0x02,0x01,0x06,0x04,0x08,0x08,0x08,0x10,0x00,
  0x00,0x00,0x9A,0x8D,0x44,0xCB,0xD0,0xF1,0x83,0x00,0x03,0x04,0x08,0x02,0x14,0x04,0x10,0x28,0x10,0x10,
  0x20,0x20,0x00,0x42,0x80,0x80,0x00,0x02,0x01,0x06,0x02,0x04,0x04,0x08,0x08,0x30,0x10,0x20,0x20,0x80,
  0x00,0x81,0x80,0x02,0x04,0x01,0x06,0x02,0x10,0x04,0x08,0x08,0x10,0x70,0x40,0x20,0xC0,0x40,0x00,0x83,
  0x00,0x03,0x01,0x08,0x04,0x10,0x04,0x10,0x00,0x00,0x00,0x00,0x9A,0x8E,0x40,0xCB,0xD0,0x71,0x80,0x01,
  0x02,0x05,0x06,0x02,0x18,0x04,0x08,0x08,0x10,0x10,0x40,0xA0,0x40,0x40,0x80,0x80,0x00,0x06,0x01,0x02,
  0x02,0x04,0x04,0x10,0x28,0x10,0x40,0x40,0x01,0x81,0xC0,0x80,0x82,0x01,0x01,0x01,0x02,0x0A,0x10,0x04,
  0x08,0x08,0x30,0x10,0x80,0x20,0x80,0xC0,0x80,0x01,0x01,0x01,0x02,0x06,0x04,0x00,0x00,0x00,0x9B,0x04,
  0x35,0xCB,0xD0,0xF1,0x80,0x00,0x01,0x01,0x0A,0x10,0x04,0x08,0x18,0x08,0x20,0x10,0x80,0x00,0x41,0x80,
  0x80,0x87,0x03,0x04,0x01,0x0A,0x02,0x10,0x1C,0x20,0x08,0x50,0x10,0x60,0x60,0x81,0x40,0x00,0x81,0x00,
  0x03,0x01,0x04,0x02,0x08,0x04,0x10,0x10,0x10,0x00,0x00,0x00,0x00,0x9B,0x1A,0x40,0xCB,0xD0,0xF1,0x80,
  0x00,0x01,0x01,0x0A,0x10,0x04,0x08,0x18,0x08,0x20,0x10,0x80,0x00,0x41,0x80,0x80,0x82,0x00,0x01,0x06,
  0x04,0x02,0x10,0x04,0x18,0x10,0x10,0x10,0x20,0xC0,0x80,0x40,0x00,0x81,0x00,0x04,0x03,0x06,0x0C,0x0C,
  0x04,0x08,0x08,0x40,0x10,0x40,0x20,0x80,0x00,0x02,0x82,0x00,0x02,0x01,0x02,0x00,0x00,0x00,0x00,0x9B,
  0x5A,0x37,0xCB,0xD0,0x71,0x81,0x00,0x0A,0x06,0x08,0x02,0x14,0x04,0x18,0x08,0x50,0x10,0xA0,0x20,0x81,
  0x40,0x80,0x81,0x00,0x03,0x01,0x04,0x12,0x08,0x04,0x18,0x08,0x30,0x10,0x40,0x20,0x41,0x43,0x80,0x80,
  0x00,0x02,0x01,0x04,0x02,0x04,0x04,0x18,0x08,0x20,0x10,0x40,0x20,0x00,0x00,0x00,0x9D,0x6B,0x48,0xCB,
  0xD0,0x71,0x81,0x00,0x04,0x01,0x0A,0x06,0x04,0x10,0x18,0x08,0x30,0x10,0x40,0x20,0x40,0x40,0x81,0x00,
  0x02,0x01,0x01,0x06,0x02,0x04,0x04,0x10,0x08,0x10,0x50,0x20,0xC0,0xC0,0x40,0x80,0x80,0x00,0x04,0x05,
  0x02,0x0A,0x08,0x04,0x38,0x30,0x10,0x10,0x20,0x20,0x40,0x40,0x00,0x81,0x00,0x03,0x01,0x06,0x02,0x08,
  0x04,0x10,0x08,0x20,0x20,0x20,0x00,0x00,0x00,0x00,0x9F,0x2B,0x4A,0xCB,0xD0,0xF1,0x80,0x00,0x01,0x02,
  0x0C,0x02,0x0C,0x04,0x10,0x30,0x10,0x20,0x60,0x20,0x80,0x40,0x80,0x81,0x00,0x03,0x01,0x04,0x0A,0x08,
  0x04,0x50,0x28,0x10,0x10,0x20,0x20,0x80,0x40,0x00,0x01,0x03,0x01,0x02,0x04,0x04,0x04,0x04,0x08,0x08,
  0x20,0x10,0x40,0xC0,0x80,0x40,0x00,0x01,0x01,0x01,0x01,0x02,0x02,0x08,0x18,0x08,0x08,0x10,0x10,0x20,
  0x20,0x80,0x40,0x00,0x00,0x00,0x9F,0x4E,0x57,0xCB,0xD0,0xF1,0x82,0x00,0x05,0x0B,0x08,0x02,0x04,0x04,
  0x10,0x08,0x10,0x40,0x20,0x20,0x40,0x80,0x80,0x81,0x00,0x01,0x01,0x02,0x02,0x04,0x04,0x08,0x08,0x10,
  0x10,0x20,0x40,0x40,0x40,0x80,0x00,0x01,0x01,0x01,0x02,0x02,0x1C,0x04,0x10,0x48,0x20,0x10,0x20,0x20,
  0x40,0x40,0x80,0x80,0x00,0x01,0x01,0x04,0x02,0x04,0x14,0x08,0x08,0x20,0x10,0x40,0x20,0x40,0x40,0x00,
  0x81,0x00,0x01,0x01,0x04,0x02,0x0C,0x04,0x08,0x08,0x10,0x00,0x00,0x00,0x00,0x9F,0x67,0x44,0xCB,0xD0,
  0x71,0x81,0x00,0x08,0x05,0x02,0x0A,0x08,0x04,0x20,0x08,0x20,0x10,0x20,0x60,0xC0,0x40,0x00,0x81,0x00,
  0x02,0x01,0x06,0x02,0x0C,0x1C,0x10,0x10,0x30,0x10,0x40,0x80,0x00,0x41,0x00,0x81,0x00,0x05,0x0B,0x02,
  0x02,0x08,0x04,0x08,0x08,0x20,0x10,0x40,0x20,0x40,0x40,0x80,0x80,0x00,0x01,0x01,0x02,0x02,0x08,0x24,
  0x08,0x00,0x00,0x00,0x00,0x9F,0x9C,0x44,0xCB,0xD0,0x71,0x82,0x00,0x07,0x09,0x04,0x02,0x1C,0x04,0x10,
  0x20,0x10,0x40,0xA0,0x20,0x40,0x40,0x00,0x82,0x01,0x01,0x01,0x02,0x0A,0x08,0x04,0x08,0x08,0x10,0x10,
  0x20,0x20,0x40,0x80,0x81,0x00,0x01,0x02,0x01,0x04,0x02,0x04,0x04,0x08,0x08,0x10,0x10,0x20,0xC0,0x40,
  0x40,0x01,0x81,0x00,0x01,0x01,0x02,0x02,0x10,0x0C,0x10,0x30,0x00,0x00,0x00,0xE0,0x00,0x42,0xBA,0xF1,
  0x71,0x84,0x00,0x05,0x01,0x04,0x02,0x08,0x08,0x08,0x18,0x10,0x50,0xA0,0x20,0x80,0x80,0x00,0x81,0x00,
  0x02,0x01,0x02,0x06,0x0C,0x04,0x10,0x08,0x10,0x20,0x40,0x20,0x40,0x80,0x81,0x80,0x01,0x02,0x01,0x02,
  0x04,0x04,0x04,0x08,0x08,0x10,0x20,0x80,0x20,0x40,0x40,0x00,0x81,0x00,0x04,0x03,0x04,0x02,0x04,0x00,
  0x00,0x00,0x00,0xE0,0x01,0x1C,0xA4,0xF4,0x71,0x81,0x00,0x02,0x01,0x06,0x02,0x08,0x04,0x18,0x08,0x30,
  0x10,0x80,0x20,0x00,0x41,0x80,0x81,0x00,0x04,0x01,0x00,0x00,0x00,0x00,0x00,
};
